wallet,score
3mkL7eUghDR6FDz2bdCTST2WXbmo2Xiya8BHEJPQDzr6,32
8Ky4nsgtNWSrV6JrepDUSY4sFKfqWcT39oG5Pwj7Sesb,29
7F1WzVNQ1Qpurqxxdyv3UrFQR3uoNepULVW9A4bAJ5nZ,93
2VBNxHkm3e3b6LcEvbFpSUufYkSs7wDbkhvfmcUMYBri,27
89vNQKx1WcUcCot85v72wiezu7KcsPn4BqqTgwpk1qQg,27
E96SDZMDtDNKTcK1Yj3aKbVYbepLqGzHzhJjNvRkmVdX,88
3NnMHED5vSFf9pRgM5UxHPUwXzrgoMdmED8mfQ93xeiR,2
5Pd39STsqu5oym7UsYKsLhEM7u71uV7FUd8PAQbsxbZi,10
44WVsWdsaSTfkGTaUGqHtV4TpYWSAurU4GaNtCzU2MFN,99
EjFCGRuRwhvi8dhj466wYFjSUpMK8WP1pab84m5wC8FV,1
5kXMp6NsuDkww3qwPgh6ReAiYjX8dCH5aGKwbrqMFa9P,8
DAkQ7Ytp1DXiF3uCwg8ZvCKezYVxZBjhT6QHW6XSrV5u,46
ytsFtcHzAn7h7DFxvSG5BpU5mAQpkkF5HQQh7wud78t,99
8ZFjXkz5xcuufKMd2NsXNJD3pMQTpTC8piSqgnyyALc9,49
HiVPQVLqFcGRMu5SZ7UnVr99g8SkcochPscxGmzkfJtu,85
HUrJcDvKXvzZ74eenB7DmuQ1hgZ4KWy5znA6xVYHQ6hM,8
nztmPq9GmFh7rwDBqCC2ZqjMNckpBHvqL8mHrwLcuPw,20
DZniEhsZrA2q6mvvNR5ZbEsVpTTbCF9ekN3VMWn8sLx9,54
4HSAqC3bwSxW5wZrHcPephGJox4SnGXkmUTTCNAJpdnR,21
2HL8ftbR1VF6ko5KLok1h7bUefbUsJBxR3MYFgmf3B2x,22
GmA3ZmCiE5DhgL6HSA2AejYFGMvBHpANeuUuTDjUMMx7,51
93tRKrFkzWV1gj3tpaCZNnuKcaZnFcV8BNhza5nsn78x,36
948ztiBSPNqfkzUGP6DxgGtf2fkvvf9yCTiVY9hLXxfv,57
63AZ2DKtbtvXwTTjRYWpwabakqFRmMW5HdgNQ1zSbxmh,21
4aadMn4b4KArtutU8JsLK7SdpjFvNZzqznBRxvFFEMwC,74
8muxT5zSrpho95zACJ4PbPX7x5Na7nrGBp1VLjML7Gne,62
74jYaNhCkvxhVy6LijiZ9JmAiZ7rX2EVJZ8ewo4qtUvX,1
HLEBcvjFPGfan7SRhLMUGjgBv6U21TM9rKq4Mk81C1Dk,14
HeLfmb1Tyt8jkEAd1JeXfsXaEi8wNKfUQ2u3vA9E98uZ,24
EsjcXV6e94CW6fwwYrVKjsBiKkmkbwK19dnVz19ha61G,19
4GYbCiXagtv34ArExRejvJmdY1P17yGMfgRXJMkginQW,92
2isrBowc86NPjFwGVgu647MK45Z5J9ABotKJr6Mwxnjr,83
FksbqRSZkqZSHreaNkhMwryzPaiUeuFJrJabEyY1qUaV,97
5RJjBUjxuhVWACBS2F5RqFf5qGTCwdGXEMVcwScv3Nvp,49
DWk3tMg5dxyCNuKurHAKNVzJTuiDUeSrFVGk9Z31x1o9,57
4DRKHq7v5FnPqhgFcBN3WPejjjdcFSpkuSRLBdwhq2gy,13
EQCLr7tvbSFsguwq8rpnw6BuUCo34HZEuGpKFPK1Cow9,18
GNrurLvzfxExWgKCWToYNdt2bedqNaTokSUhzB51JSEs,15
DosdsBLn89PyMwgDFxzmntqWiZ5NLjkunVwZXTAPH6Fy,53
3k8hKqUANG6W3P66163KA4Fj6pfqghBDrsPVGMByNFxS,82
7UR8vPBqrTYLAkjyAyPfqtdP3wfTrGrSHvDVkwsPMDmr,33
9o2wcXcsnmhEUHpcysVDjBNkWHDR4V5zN7VzDUpVzEfn,85
kKjBH5CPprv2eHX7EDW9k6TqcyHH7q4PazVtApka8up,56
8jqQ4kxskmp7cTvouFttg2UPg5ZCXzcDKM24fabftfW6,40
5E8wHtodtM5r5TYFHhSqMNgfK8X6ZihTV2pY7M8Lexn5,85
MsWaMaKh8m3fLREEz28R4kPuG6c7uRkAzcW1UFpdTZN,74
2mDTywfpdYQiWBM6RnZ4H7A3AAkREcRHisbgA27eYyUj,9
822t15v8cPwbvJidw6LzFKH14mAZf5q1vebLB5GewXTu,50
3Nhd4DHEJvzY1vB8BUjbtaCETRQqGrorcsJqP9eDrFGB,13
BsNMH8iFd3yiZehN64ttkNYNPu4SgXvC3oFiQC5Xb95A,42
9Vzv3oHPwYHef84dqksT4jz6dMxxNtaWsrE2iwe5ef5T,94
9gp7HMmhqujjYzvkoTziEDfeBcNpeuATvRwkWfTp18Df,46
8DB5h66ir8c5ASNFX63TNhH8qTV6CS86GKdQDvGpeKEG,42
4SuoWuCD6vPPWnTrJ1xCTzotoCWsT3EfqQhgDcXATir5,76
FJkfqgFs6V327DkM8FxTpsezHKwSDpXAAZRtN1Q8FYnt,32
HJqWyKD1jr5GfkoRnsmiAnopJTCgCz43GXhwe4SJKT4P,27
27fDkMcYKKw4rEfUAnLjRjvvQFp8WfryEPCPSKEtPx6e,74
8w8YisEgTg1KcjDEM6hz1XA8LHMbT2gtTjPVEtBc5acf,81
AHtcVpNfFXSDVzRSKhuXzADNEfHVnXCS6YXSJCysPbSS,96
8iYL2iJRQVVxZhXbLeLCpbTdG7iWMUWBzmzBSKXLAdx6,40
7MzZJU8VLEHoqxuNZ3CEVMHf2TdgpWJnyv1MFHr8nchh,35
6VXui421UZA6W9XWZ6D5gFAVeFfdiHqMqDAnXRcgRkHN,38
A9Rx777kz9CeWTDGzxGgzTqfAV3fDmG4WaqK7cnU8sXZ,1
BRtMf9Um8eedBVjMyjwwz2upj4yXBQDNW9qwZjmup84v,70
4jCAiuA7yvGZkFhppjTcPfDkFTeGWjQkvLdmozEwb37Y,10
23jgUxsuhR8qZZaYoD9QQuDKs2m3zdwQC2GxpXceSS95,37
2pbkqyqibUkoutXju8RGsgS4cyB9NV62vnHgPwsWorsT,74
8YBt5dopor389JUsRMRd8JNzrEy4UsNQTGnQD9muLy9c,68
3GfWJcPXaypg45vaRg775JvCutWbEZuQc69ov8W8Eezr,51
2Edwwb141NtccKKXYCHm8cMANWzJFcffJstF9hThr43n,22
DqhU4kDLHDKq8Akg5DfTRRAza5hELxS8gbqhmdiqhxA1,52
J3uTnreuY6THNQfu1yo5EMw8dRwqosRDciYJRBpwim3C,78
sL4NNbNbF614mQ15heRwXE2paH37MbJR4vW6gmNoCQV,28
HmXoZ5CP2rBmAL4PLZv9JJLLeKzmdDGxc7jYvSKQEi7C,48
BvkRM727ocWTdqYbvwmjqhioUEbqE7sjaPAfaPfwHagF,79
8SpY7AUhnWYGfowKWuXN76qUDG292xe1SkrrL2A4LyQo,46
3WADaqa1dgLiytLwSkQ5Agx3FZa53vZp8Yudx1jMUkUW,14
4gBiwcaSp8swwMoiry5QAS9xmdGd8o9c3aMRMuCcSvgu,3
CCizdPm2s8Pa9AdANkSz1GDbsa6vqZwAGt1bMgaRBa9z,27
Co7gJhpM3F57q1pz41fZbDKsqKFHYFovuN3XByYMSJ4i,31
GNQv2x3EkWN5gBsBQ4DqHg58Nsvm94DqhEWX2zLV18VK,6
8Gda3ZoKyKnLf2EhPsU7dw7QtFy5hNcUuiLyyST627k5,14
7JgVUnnUsdsEbFQeHfjs5AqTj72VJrpdhxuj25vU68kx,76
3kiT5yjtEJQywHVzjdAj5SGvfkf54yth6RXcTGRrQp6G,1
CgTFWEXzm63HerMaCWYtd4DAEFjowBx6SmRpAE95w7tB,68
5sznNwRVX6VvktqrKq4huieozRC7N4VeKQ7QuNFJs1JY,31
AAhsRqHpPKJWWqgRARsNucd7qTy7uj24BNzny2mS1iH4,39
DMAWHKDDQa4NgirUfHvMAqtN57zULw5YgCwpuBNqgVP,14
DJrZWuazHGkxjK9eqNHcJ3QCiCe9YonpcgojzZyFtaZu,13
Ge77v9EYzVAnaM5rjutU6SWUauSqnmY2wBvg7Rn21bUU,0
5oCawrc1LQe3VPMR6F3vDYkYoiZY55MkHdrCKwRxfZGa,55
FFWjjmWsdJ57iYNe46XBvKDrRCeEJqnQ6sLpNyg5MPXb,14
8UUAPHwmQqGW55NZkgfBNu1GL9SeCaV3wWXN85WGMuz1,72
gMkzAgWhmckpKMqytEAAKmhkaKZWVz5Ex7dUm4U94Ka,84
H3wv3J6EzJZYYmYELGKLVJLM3Zh5cgryLFtGMuupqPYz,22
A9KFxjYJyBw8w7W5sLzhTZjKv7PGwFa9WkWhFwuoC5KV,80
64VYynWDrmMPWVURR48dMyez8PNdBa1JjqrgEgFQWPBZ,96
5hvK7zmJoXZREMeuuwmWTAuc8uQ79if2AAxTcEH18485,14
8u8rFAs4c6Rp4XrrqWjjpyZvWPNCRBHYBYMqmuKeekwp,69
9N8Py5vjW3BTkMURSzjfXnQFRHwJ1VDw5SyULYe9AHYi,49
