wallet,label
AgmLJBMDCqWynYnQiPCuj9ewsNNsBJXyzoUhD9LJzN51,good
B6d3DufLENVafwcpoX2q79spLRRuiyj15Mkx1sEXiAjm,good
8oqtkkJATa8y8f6aUdXrACftY7Mbrf44kNkQkz3SvzDB,good
dKWdHK78B8zwvSw8M8EnRj2bJNxyq7utHuxNNo2cFU3,good
Fp2Huwx9fjaUUWPVjgqs1xDREA7iz4wKWd1wx6R7k6ct,good
42oVYBhNkCBrasJRFqxNbvJRnxj4oVzw3HTf29kWczCb,good
AGdP8GUkyNSwScUwRptw9MaeobGbh8boyR5aHEwExzvx,good
8sQrEJJ4ZnA4aJfRXMhpx9GCeug5DZaQJEwsrWwJZi7q,good
AgmLJBMDCqWynYnQiPCuj9ewsNNsBJXyzoUhD9LJzN51,good
34n9HPLvEV3jjC9tCe9sYiAfpybD7iUuHvRxKJJroJ4u,scam
4jkL4dNkY2UbpYrTgLA3u5FqKwKs1LM46RcE6FQU3qXi,scam
3h6Qu9Vo1sDL25ajmidJnHEV4KeFnDuT9VCtAyhVWyMs,good
9hXa2JEguhjX2ixNHrjnyhcoFduarSRazf8kEeKpLAEE,good
33WqHwGJGTwbx2cScvKM1pnzXvRHeJnfBKQpqmPbsWCN,good
3CvGrHWNyRaaHu5GvvGfZEzTTfuCPxrnbhhZxUJGVayA,good
1331wXHHhL6469HoVKqn5V8AuMUicbKoESzGJcbFfTDv,good
Fe8i4nib6ALpB2k8R64a1AtoCJZnB8PZEBx1AcSPDPoP,scam
6f4FHdcPic4eh9kZ7V95SXfmaocNFsbkLN4Bj7asnnVg,scam
Cv1H1cbqRDgVZUxi9Y2roipSY6wH1jWt1KQpcKJ3pSKv,scam
GBuoUaV1kfCuj9Uu5AYvKsSg8RbnvW4B4E5EEBmKM8mP,good
Gmz2arYNgHQkMpYEeFtewUkP3oVEP7QzfpcywxWQZNc9,good
Fy8rQffRVq4tzC33pM58KQgGn3wk2AC2aZkQGcDsW79e,good
6f4FHdcPic4eh9kZ7V95SXfmaocNFsbkLN4Bj7asnnVg,good
9Dy2UJMthCqrckdsUzaYcFbCUaDpkTpRoxesKuS6ZyVR,good
BVr41YdQU6kkq3h55HKyz4wgBjRUrNY4HG4LHDRjMpUT,good
8sMS3PARFVKrbc8jMe9nzGuWNoxUuL6RANQ8Lt4Apbo4,good
8pLTHaFMqXEXm7BP5zm7mCWhSFg116hrqLh3JQMrP3YW,good