wallet,signature,slot,err
6LfawjK4CQE7pHApWYA6s6PCH5jfgrcRcV6xE6vtiyjY,5yBxQTYgtYYbGc9iA3Yo2APWu1UeQS2qK9GJrfJFFM8pWyUV1N23n7YWY4u97zUeNYNQpy8GAmdP16hk7UawGj8,443671124,
6LfawjK4CQE7pHApWYA6s6PCH5jfgrcRcV6xE6vtiyjY,5aYnTBiH94c2dujVavjokBLs3GffnxaNcXd5RZustmDFVVCN8xAdxhuB2kZyeLk1U6FsaJjXjQ6f4BtzWbJCdooo,443671116,
6LfawjK4CQE7pHApWYA6s6PCH5jfgrcRcV6xE6vtiyjY,BER53WGgYU877xeW9ZoJwrChxjhu6h7RN62DMsY829bVSphk9TiTL7EiqejEnqeCF45KWZpYojESUbsQak4YMt5,443671115,
6LfawjK4CQE7pHApWYA6s6PCH5jfgrcRcV6xE6vtiyjY,3Ujpqn3KsuijjU3KCQ1dn1TwZk8i9KFyqm3gtvjT2rpkqu5eTYzWhHHLCdzxvV8RKH42hGLTcNb7en1z9b8TA2qb,443671099,
6LfawjK4CQE7pHApWYA6s6PCH5jfgrcRcV6xE6vtiyjY,2jHgPQqrJndQaUHjqS1Ye6gABFREGxgzipAvPsXNi8xEMbi2TTSQ3PvJaZgXWXdvDxL6W5GgM77VrsZNxeextZvx,443671099,
6LfawjK4CQE7pHApWYA6s6PCH5jfgrcRcV6xE6vtiyjY,3PH1ywuXa8e6CUxrfRtq4bK2rjHZ9DzUuF6jqsFtF3thZr74UmssDM3qkxVfJYmwCw1vmrt9MuCuMgCgsuJzV31x,443671096,
6LfawjK4CQE7pHApWYA6s6PCH5jfgrcRcV6xE6vtiyjY,2PmQBgD7dAikDGiscG6KMD5jupHmquNFxL85Ars8gfYKufcBnGYB99AaPh2AkkjGv7srjiRrkpUyvcoyE1bSk47z,443671095,
6LfawjK4CQE7pHApWYA6s6PCH5jfgrcRcV6xE6vtiyjY,NKHV8rGUTj7RCJfYRuo786Dr2FmKYUGRopjfcuFJjPNCpQtG2aTxRNiMfDZfNqVMAeA2ntaBz8e2dJy3sZECJ3g,443671081,
6LfawjK4CQE7pHApWYA6s6PCH5jfgrcRcV6xE6vtiyjY,5tJvtG9PhAkaeNMBcq5VtkTASTjrMSqDLm8kumne91yDRsbxon68af8QX1edxUj7QZhAG1ewgm7RLecBqnj6EwVz,443671064,
6LfawjK4CQE7pHApWYA6s6PCH5jfgrcRcV6xE6vtiyjY,4cLwUCcg2YPXVcmG26om9nhh1tsgh7cdfKXH5vKkZSP4JgcaR2og1MFT3j6TtsAMA3Q39tXUg77kA1DqN3G9gwwx,443671059,
6LfawjK4CQE7pHApWYA6s6PCH5jfgrcRcV6xE6vtiyjY,XYikRjSKtw7LCf5hXrVmeNv4X9f1ctaHbzaxh6qowj6DiKM3uxBxB9LhW4zSfb4CH1dLJConAN8zXz7HissH2yK,443671051,
6LfawjK4CQE7pHApWYA6s6PCH5jfgrcRcV6xE6vtiyjY,3X1T34suDwhzdKTL1FSDV6E44MT44KzgVmp5eLW4P5itbwd1vniVsS2X9nELFpmfFDgcbqCdxNSDuSaMuX7xs3ht,443671049,
6LfawjK4CQE7pHApWYA6s6PCH5jfgrcRcV6xE6vtiyjY,5QdJo7nageSv4hVS8GR2EUmTeBnNPar6VXy8ZQhgy3eciEjcJVHLEJ2JUpcsGktkumWfXM6bpL7FEGvnUAshz3ZT,443671044,
6LfawjK4CQE7pHApWYA6s6PCH5jfgrcRcV6xE6vtiyjY,PJXrgkAsbpn9hbhSqTATccSwJAULD11ynTgwY6soCXYsfsXmuJCXti1uYTkBGrN73Nbk4FuyFYbw8VRf6H4Diui,443671043,
6LfawjK4CQE7pHApWYA6s6PCH5jfgrcRcV6xE6vtiyjY,4LtgJ2e8FEhM8ZhWY7HfPuwERopyHhAyySY9yukhuxcjBSVFPbYZfFviAMayvvgizYzHzqATDyZCiZt9s9bDPL4z,443671040,
6LfawjK4CQE7pHApWYA6s6PCH5jfgrcRcV6xE6vtiyjY,SMxX1euBMjqx6tRvbBe9FNtZ71MjrsmvokXFwrS1vEVF9S2gN2NXcHPMHzVwHrTR8HZm6Nw2YJrPNTEzQWcf7HD,443671031,
6LfawjK4CQE7pHApWYA6s6PCH5jfgrcRcV6xE6vtiyjY,uobqaeczcJj9UkXf64RS2c1BrKBKQdji1ii2Psz6gU89YzfcuWUognRY7d2qLBUZd7KEEpWB1ZjUrZpoCvhBpRA,443671028,
6LfawjK4CQE7pHApWYA6s6PCH5jfgrcRcV6xE6vtiyjY,26dkQmi7rbL1Jg1BnQHunfiFcno82TxXz8UhEF1zzQQvnBp7VajCAb39ooBF8E6H41fuhAHvDq8XdNoU62o1vfSw,443671024,
6LfawjK4CQE7pHApWYA6s6PCH5jfgrcRcV6xE6vtiyjY,4hYc7N1ZQNk91NbkPPdcQ7Do6T4XMJY3F1svaeXiXP4jT8MRX4T8V9cbshQGFL3dcnFz5LgK7CRa2n7FU1WfA7kB,443671020,
6LfawjK4CQE7pHApWYA6s6PCH5jfgrcRcV6xE6vtiyjY,3UyJ5yp4gjukzjngKcdmqimMhpngaNbHyWuzBBkSzrezUd75UpuX2TrF8yz3MTd9hU5dZ9jaMmhjkMVAPdbB3D1o,443671004,
6LfawjK4CQE7pHApWYA6s6PCH5jfgrcRcV6xE6vtiyjY,5wwsZDF3i8f5hcSHMq2YHevs5xqdAiUZjqshxeAT2AXCETASNGYvBZ8oP1FPSEfgK6NsmB5tnUPiNsUmpNbvBRk6,443671004,
6LfawjK4CQE7pHApWYA6s6PCH5jfgrcRcV6xE6vtiyjY,41V64W4fcyZfRiXK5d3J5ETs5buv6M7ykocYU1ty2nNpuAuYRgmEav5J3j4GfwnguQfq853vvsvdzTWmUe6R4VAs,443671002,
6LfawjK4CQE7pHApWYA6s6PCH5jfgrcRcV6xE6vtiyjY,4RrsCjrrp8QcTdnjGNxjHGbBnTuTZCnpitAZcmtNkV1PdBC959Mz1E4Z6dHBUFi9sXhePASXWJ5aYYJHkqWPxUjc,443670994,
6LfawjK4CQE7pHApWYA6s6PCH5jfgrcRcV6xE6vtiyjY,3474mUpVonfBMfhrS2jS2ph4pokYu6AzpY3q6gdPXjshGPtKzAkrF1yqVf5pDzo1sRk3Sb4t9tVZ15gHrBhP7qXe,443670988,
6LfawjK4CQE7pHApWYA6s6PCH5jfgrcRcV6xE6vtiyjY,2GtEMz8HxoJVPftFak3SJmxT1uGzksQ3Q2oBzv7Cy4VD7eeTzjdXfBrpU6GmsQV8u3r4kgKcHFPxVk2JMeSbGGew,443670970,
6LfawjK4CQE7pHApWYA6s6PCH5jfgrcRcV6xE6vtiyjY,5yjprethFmjgw12uqud9XPfufynm4bhFVLk7UcRBAfaRCZGrtwWqo84Tvgu9QyHi3uGCaszT6ETWR3pn3Zpg88Pk,443670967,
6LfawjK4CQE7pHApWYA6s6PCH5jfgrcRcV6xE6vtiyjY,yAXGJCqRbLrhKzTLfiq4ZD1pCt3BCRnrxhDykSWmGRgzf6XnGAyDeGudJAwUYmYB2yuQmoyuYgmW9ZCSUo7E32V,443670962,
6LfawjK4CQE7pHApWYA6s6PCH5jfgrcRcV6xE6vtiyjY,BDip5uW5tNGoEoXAXiRwqujNJ4xZebZ9gPV2HomDzEuQpLMjyj2iz1fo1Du8Vc2ionsbWiQSCubfJFC9bHnm94E,443670960,
6LfawjK4CQE7pHApWYA6s6PCH5jfgrcRcV6xE6vtiyjY,4TWpEAfdgvAi8u5TiyFmHBbttTKUHpNCG25nMcf2dAkthNbm1fSrXN51j3rFEX7wNFi98zXShir89GYQwmv6QpBW,443670956,
6LfawjK4CQE7pHApWYA6s6PCH5jfgrcRcV6xE6vtiyjY,63X3d91z5LXo8DrDuHYgE4rEzgBLp5S3qKPaw51AMaiFMdSWBohcNbtW8ihwySjrJ5m8VqYvwjNqtSCpnSX6xv6H,443670952,
6LfawjK4CQE7pHApWYA6s6PCH5jfgrcRcV6xE6vtiyjY,g3rw2NFcGmZQDdbTuJnq478Uxt9y9jW5YSv3WHFqeivrdVFbNWzU944wkHkAk2Ef2pT2CFKFGdq2xp1eK2nL8WG,443670946,
6LfawjK4CQE7pHApWYA6s6PCH5jfgrcRcV6xE6vtiyjY,4XaWpkxAAZ5oHngpApvcUgxbMwc39nY1nCGo12bW6LhQFJSQhfQHBo4ktjyUFiViRU5m36Hw5jtrUNKMCVDkTE33,443670936,
6LfawjK4CQE7pHApWYA6s6PCH5jfgrcRcV6xE6vtiyjY,ixjH431bfydZMjpuwiSDRpVHqTkQt6yWKzPBCgJfVYBXuiAX4jmU64dBUSyEYX61UwBCL8FybYHkQcyzQjjEsNQ,443670933,
6LfawjK4CQE7pHApWYA6s6PCH5jfgrcRcV6xE6vtiyjY,27vkjkpMrTAyw4hsi2GvrvLZWpnxM1imCw9bWJh4BWNV9xaZvF9KyAzXYtaUPSJ17gjF9FnTTAFcMHXSHkGCLyVG,443670925,
6LfawjK4CQE7pHApWYA6s6PCH5jfgrcRcV6xE6vtiyjY,3KT24mwU9L8cEWaz3T3GJhwSstE2eA6MC58UXTD1EJsB4LNumDpEQX6ep1oG7J4PfTCeTB6J5srsEHNNxk8W9kC,443670925,
6LfawjK4CQE7pHApWYA6s6PCH5jfgrcRcV6xE6vtiyjY,3y6AuZeVJcrCYYD5EetdRPhjMa27PnnDwHYjDqAXhZCwNo3iuA1AMKdwR76Nko4mveGQN6ZjfoSZ94ZnSMdBELWU,443670917,
6LfawjK4CQE7pHApWYA6s6PCH5jfgrcRcV6xE6vtiyjY,2Ps86WyfbNp3Jpt9vnruJ9VqBuNciJmdbcKv9ousDhfHpFKbBzsWHompma7EisHpwjPEEC8iz4YA7xMF54xmKTaq,443670917,
6LfawjK4CQE7pHApWYA6s6PCH5jfgrcRcV6xE6vtiyjY,677FwZeuEJKua2anzzZj4qKgdQjAKbNNyLscQ99ZKNTYAtTwqRQ9cSKRTeyShCtj9qQa3uTNxDoKVTE1HttDvZ99,443670911,
6LfawjK4CQE7pHApWYA6s6PCH5jfgrcRcV6xE6vtiyjY,2crTfKbBpCYZKKsctXRjYRzGNBy4BaskfMZZyKd2ngFGLsY5Rtr6nEw2pAPhZZPNE7ywa9WfcPDGZJyMsQtHNH4q,443670909,
6LfawjK4CQE7pHApWYA6s6PCH5jfgrcRcV6xE6vtiyjY,39mJoq8fin3h7vNmLAQavHCbJ5FZPAG9n8N6QsyQ3rLBSXRd98JrJvqkCVx8KfT3QSnM5AxFeGAhu6mfkoGFvb8V,443670907,
6LfawjK4CQE7pHApWYA6s6PCH5jfgrcRcV6xE6vtiyjY,E4TqY59eTKDZvFPEFSW2Wi5YhP2sVBLHgMWszQjd39KJnSZJEBhoWLza3eptUeS77dG2irrPgeVdFh7HZtLNMkf,443670894,
6LfawjK4CQE7pHApWYA6s6PCH5jfgrcRcV6xE6vtiyjY,2Hc4MeVeeKbXQQbxD2njN28fLdru1vWM5Ag8aKJTFMzNFURPjf1Hs8LQGSrXq1N8EsHhwYi1MCY2w2Rqt5kNHrku,443670891,
6LfawjK4CQE7pHApWYA6s6PCH5jfgrcRcV6xE6vtiyjY,213m4avSceW3DjYTvCtsymUj9Nd5HDYb6RKVsmeadGqB8fP9bFUi8nbhBkiSsYH3tJPWsbyPB5QA6e7C5gNBYTmB,443670890,
6LfawjK4CQE7pHApWYA6s6PCH5jfgrcRcV6xE6vtiyjY,5LL7zD3jhMYxvAwqZQoda1otkm2ZdPkA53GAWJZdiLGw4twVsYRC8fBBwwVu9LGyitaySH6o3YPKDhqp5XwmeCaz,443670887,
6LfawjK4CQE7pHApWYA6s6PCH5jfgrcRcV6xE6vtiyjY,4BKSz48WGmX2zQkAAUjUgoziiZUGYYhhxGf69jyXTUVE2fzB2Sy84AKz6PtpdFtaQhsRxtwkJT8uK4e1e8HnYoCh,443670886,
6LfawjK4CQE7pHApWYA6s6PCH5jfgrcRcV6xE6vtiyjY,hj9FQabZfkeeqUodwYvKMnaFuaJ23vst25LT3VEZGPqucrj8khhVKwPkYNkMU1UW39oN7qcSmrSuKZGwMcBdfaH,443670879,
6LfawjK4CQE7pHApWYA6s6PCH5jfgrcRcV6xE6vtiyjY,G4FdA1uvHULQG8NSz5x5MRYhy9URviQRoU6BmLc8fHCkYLAFTGseaFxDNTmxSERNA6qBB3Ja8caYTHx6fUo1YJG,443670878,
6LfawjK4CQE7pHApWYA6s6PCH5jfgrcRcV6xE6vtiyjY,3CNqQ8nv5FSJKennciGrZ8RMBXVnUe7UeynL7dnDMHgCtsmYb5bQemz1Ugq9XYxEairEKnC1Sng9zu5Jn7N3vRr3,443670874,
6LfawjK4CQE7pHApWYA6s6PCH5jfgrcRcV6xE6vtiyjY,5jRcQHHpJY8THXZjimuiZSVsBg5dR14Mtjp38Vj5nnMbuhCMuSJC6qUHpGpDo9p2fcHKFpdsHJ7UDVeoJ5VSv6GM,443670862,
6LfawjK4CQE7pHApWYA6s6PCH5jfgrcRcV6xE6vtiyjY,5KtUUpnvoKbmgGJKz933h8ebTpuz5MKEd4UDDhjoCfj6G6E2pWhbHdD9QJDuwaM4YyGF8k1khBZWkcZgiJik5uPH,443670860,
8X35rQUK2u9hfn8rMPwwr6ZSEUhbmfDPEapp589XyoM1,25zatSEdDCr7vYkfdZPBUi6VCnKe4H6aHfZ7cwFtjpSBwR7GxqqHgz4EvD2rGjVkiqhenJCLeiiYUHALsnkJq6fA,443671126,
8X35rQUK2u9hfn8rMPwwr6ZSEUhbmfDPEapp589XyoM1,tB4BjpPWaKuBpmHYyn96yagoHA99YE581mpVbY4LzqBc3GQryHyJfYWy3ptr9nprSLWkZza8biJR9YHhqQuhTso,443671126,
8X35rQUK2u9hfn8rMPwwr6ZSEUhbmfDPEapp589XyoM1,2urKsUprQrRm4F5dMNnH9s5Pe841V2JpRQTLW7vikwMHRDLfp83n8gW66h7x9SsJFrCiT6XH9vh5Qp9AHkEQyivn,443671126,
8X35rQUK2u9hfn8rMPwwr6ZSEUhbmfDPEapp589XyoM1,NpHyJv9fC8ZEFzo1f51HGGyGXxEWycSU9ER3BTYJwBTgbdjEdaoMiFRvkMi49PTZfnwhnWL7QqckbGmAHqtFLa6,443671126,
8X35rQUK2u9hfn8rMPwwr6ZSEUhbmfDPEapp589XyoM1,QPZECTBat1DZkG4gCtxeM8yyzyo7sy3dVo9bad1X3Gkjyr2jdanRmDy2iWK7z7BH5QPLVeNVKL8SYKTWYsAjGi1,443671126,
8X35rQUK2u9hfn8rMPwwr6ZSEUhbmfDPEapp589XyoM1,2wGV9nzTCF2W69GsovPptoC1qfKBz4mrq1MWD3m2DsFDcnbgpXDqP8q4umRGMAqmQmnkYV1DJRrvEdRexcyfMAv2,443671126,
8X35rQUK2u9hfn8rMPwwr6ZSEUhbmfDPEapp589XyoM1,31casXXc6D6NstLgMPURSMQyBGShBnMyUR4vG61odNG5DqMJK16pZKntkRaFQgroUQXoun2R5nZ78rcb9zXYV6ES,443671126,
8X35rQUK2u9hfn8rMPwwr6ZSEUhbmfDPEapp589XyoM1,5xWZusMx3qPuiWhcNNZ79pnKWdyh1C2u7sFBqaV8oaE4JgnmVX3Z1X5su4Xogu3NJgLceowjBzBqi55Ez41zz6Rr,443671126,
8X35rQUK2u9hfn8rMPwwr6ZSEUhbmfDPEapp589XyoM1,3zEyQZSshsZBpV6VxuR4EvVzXPQdcPKFm1Kw19sP9E5yCVnZepBj3UD45atn5oBMWnJ8hf9rUtSZiRVG9fzGuDhQ,443671126,
8X35rQUK2u9hfn8rMPwwr6ZSEUhbmfDPEapp589XyoM1,5MGFmGRzuMLhxSSLCvFkzpVUU79bKohWwHrAdTzH1prTTL6PqEKR9my5QNHGipS91q4yHgfAX5KkP1aWZZ9DSuqn,443671125,
8X35rQUK2u9hfn8rMPwwr6ZSEUhbmfDPEapp589XyoM1,5pDtA2V9CmmNM46XbZknY2L8HwFrcTqFUSB22LwFfYWD75xUHQ7zwvdHj46utQg1GtgbkPQHMt6jnHfsGiBuh45q,443671125,
8X35rQUK2u9hfn8rMPwwr6ZSEUhbmfDPEapp589XyoM1,435j4aXR1bRR3fNQ4GD7RntqQg4tishJZtiVs9p4SF7xamDgfpvRUoDwwH3YkmyTu9U1EejHHMfAMe9iDrco6w3v,443671124,
8X35rQUK2u9hfn8rMPwwr6ZSEUhbmfDPEapp589XyoM1,5tkQLjCqjDMZcThQqmv7jBqaJ5Zxrvg4C4PZtHrhP5H6K5vaHduWz4epizikhJrHXCtUTpquxH7DXU19yKgeSV9k,443671124,
8X35rQUK2u9hfn8rMPwwr6ZSEUhbmfDPEapp589XyoM1,22B3fJS76m2fhu8CSth8TMv9QSg4394q7wvJjxKC1nYc6ba5RchhSGfF5p4q1iutUUkEC2kc67bwDs1GEDNfPBrK,443671124,
8X35rQUK2u9hfn8rMPwwr6ZSEUhbmfDPEapp589XyoM1,3WoKyrJJSJDrCqM8L4P4r7ZrPQp3grr23Q6WncDkunPf1EABeLszmt7aGxoBDnPSfwzk7cuQUJKfEiNV3mtULVaQ,443671124,
8X35rQUK2u9hfn8rMPwwr6ZSEUhbmfDPEapp589XyoM1,5RAq4xYx34FnxnZSLLHZMiVnNyoYSVjFCvfPDJKWVJjWq9CLGBSBeZXk8NKxb2BSMCUWrLFT1Yo5XfM83V1XW8or,443671124,
8X35rQUK2u9hfn8rMPwwr6ZSEUhbmfDPEapp589XyoM1,39B2LatJrKHKtukHF5FVMYgyTk17gxVoPM2e1MScx5Wu7PsZ3dV5jobLHTsMTeua5ZZKjBJFUUb1e7z4cFfeHjoY,443671124,
8X35rQUK2u9hfn8rMPwwr6ZSEUhbmfDPEapp589XyoM1,24Jx7hyXtfCVSVzbazNiuuPeUpUwMh9Ucoq6myM45tqauzoFXh3LjYF1UAKLNLw86PcK1HseDktEhnEpWure3ap3,443671124,
8X35rQUK2u9hfn8rMPwwr6ZSEUhbmfDPEapp589XyoM1,3gdG5cpXj4mxyo5ugkTZGBTHh2SYnphfAAsXeAnaLCiCuQr6JwF1DSMwRDaA9rDq6tSK7wJDd1MXkQnJ36jMByg2,443671123,
8X35rQUK2u9hfn8rMPwwr6ZSEUhbmfDPEapp589XyoM1,VqZEmimfdjsso9TdQHBWTVH2m8s1MVU2JHmr91VizWWa7cXXsDQC4nhRRZBu28YZwh1qxLEMSfhUjqrbwvkfCAm,443671123,
8X35rQUK2u9hfn8rMPwwr6ZSEUhbmfDPEapp589XyoM1,xUSoDMFa2tAXaqd42t33GSLeyNP2cQmpDpQAcFdjMnxazKJexFEUmv3qVix1tuFkwa813w8wsbuqiYZ5rbMccDd,443671123,
8X35rQUK2u9hfn8rMPwwr6ZSEUhbmfDPEapp589XyoM1,WUWu71mkR7rgSpmQuyUsrTjKuS48kCLNpZvzySFexGwjxbHFnAmMPUYzkE9uawWJ1mES9BVy6xkuy6URKtBAZTw,443671123,
8X35rQUK2u9hfn8rMPwwr6ZSEUhbmfDPEapp589XyoM1,28Z141WouHoEph4qbWFb9o48wCVYzpmf4Hb5FrBzRw1FW4kpuSiJXYpcKRGbi2Yr1P7VLkr5XuvSYDqU4NfTD8zi,443671123,
8X35rQUK2u9hfn8rMPwwr6ZSEUhbmfDPEapp589XyoM1,XSp6FhW4SKQtHbRv2HWnzFzedavdczK2ehjTbUirQR2dVnsoa3t5azc1dkoptX1TERKsenEfRAXCPWhr54gujrM,443671122,
8X35rQUK2u9hfn8rMPwwr6ZSEUhbmfDPEapp589XyoM1,54uNP3uD7XxGqvnoWDWjTAB43d7jSGyMcVFh5rbDjg9oi7xjatDAymPiBpGSpj5D9kJx1AmwWVEegvVYmkxcVkwM,443671121,
8X35rQUK2u9hfn8rMPwwr6ZSEUhbmfDPEapp589XyoM1,C1eC8UBwRehhy7uvbBmYQnXz6yqYkLE7YWwyU8JVfUopTWwrhtSSi8ZqisqbkL4kGha5SB3vWgWnJUUYRfC3x1C,443671121,
8X35rQUK2u9hfn8rMPwwr6ZSEUhbmfDPEapp589XyoM1,3PH41vNTUdC4WsMCsw21dvShUdtAEc4msQcmCHiHtTa2Mm29ezCjeW3DspR2GEMcm3Ns9U7vJwpKQNBgcjgTvMzA,443671121,
8X35rQUK2u9hfn8rMPwwr6ZSEUhbmfDPEapp589XyoM1,3YFcrPX68hBoP22BnQWrRGVKqSyzhYmzCozAd4BGvS5DWY4MEqBrAVjHGdDYSqHbLVt8eBFtWSQhnQC4maifiDWV,443671121,
8X35rQUK2u9hfn8rMPwwr6ZSEUhbmfDPEapp589XyoM1,5UxEwxRb94kVTYyAgoLJ5Rb2HaDJS23uEryaKwjaHU949eKHbYvHTFEX5E5y1MVXcUPjR7RzaYAgas9Ymxnsw8ey,443671121,
8X35rQUK2u9hfn8rMPwwr6ZSEUhbmfDPEapp589XyoM1,5t9xmLBjEY7cpRmM5M9i4GQg1MgVKhvJS7WvkwekoFQj5iBZD8kyEViB2sfhDr2R1QanPpL477FLF2EFJ4B2YuQW,443671121,
8X35rQUK2u9hfn8rMPwwr6ZSEUhbmfDPEapp589XyoM1,128pRjbApXJRoE7zzYAkhrqysFwpFQpNPuJHupPxQU4DvNV8KcfSvDCSsE5QBCmAfMbNTAShGw5fJwpZ76zu56Gv,443671121,
8X35rQUK2u9hfn8rMPwwr6ZSEUhbmfDPEapp589XyoM1,37oeuThitvmhRJqpfrtZFJ1ixSC7qTy5d5kfF66dUtcjj4J8KTZHYkHuL46R9ZygrWQ2Rc3HKwVHHJHWcgrkLeQT,443671121,
8X35rQUK2u9hfn8rMPwwr6ZSEUhbmfDPEapp589XyoM1,4GrvWcctQQAQgk61N2GcBgWRtz4ngaHa399kqch1YN8MhuUkL4iESFKEre2i2hHogj8EatyyB4w5X5Vb3shWcQXq,443671121,
8X35rQUK2u9hfn8rMPwwr6ZSEUhbmfDPEapp589XyoM1,5cLR6sx54pEYM399utYGAW7Cyg7r2axxt78YyWFFbCAKwCSxpc2kM9aoJu8139R1BQ619yMS6FUa5yDpMJrGdWRN,443671120,
8X35rQUK2u9hfn8rMPwwr6ZSEUhbmfDPEapp589XyoM1,3QkCNQ4bjNmFdGDadbXLRUsrLuAAyYEtcbE6qjXpXb9HywAjUpcaatytLjiSQDb3EuvbjLHQCkfrcpVKtY2FSFZo,443671120,
8X35rQUK2u9hfn8rMPwwr6ZSEUhbmfDPEapp589XyoM1,3Ng2YST2wFpqyVUGvvWG1HF4ZwGZTKn2Wir5MQR32yKTX85jGzq9bNB5je6wBfDLNASKLU1W6k9AYPcGwLvxCWNd,443671120,
8X35rQUK2u9hfn8rMPwwr6ZSEUhbmfDPEapp589XyoM1,2owPtMASD9iaFshvoNSzrMPPXmz2DuhvARe7K9eF4KEzbmuqZtxTQzfRKXe815WJXLjMkdb4ELxjLNK7nhoh4qES,443671120,
8X35rQUK2u9hfn8rMPwwr6ZSEUhbmfDPEapp589XyoM1,4jPGRrZeb7QyTDqsRdhdwskgeSsXWFM4b8Esd2BqnKdWJkrCVvENCrZe4fT9DCxp8uZ3HvUHNYkK1D6G6Ng8kgUi,443671120,
8X35rQUK2u9hfn8rMPwwr6ZSEUhbmfDPEapp589XyoM1,4dDNAkxGF3d1h5J79mrnwRa4sfiVNjBzV7jC9WHcNdPKgUpTMp2ReV4hMGc3yCMcZYbhUYp8bvMhuinjk7nrM6Jd,443671119,
8X35rQUK2u9hfn8rMPwwr6ZSEUhbmfDPEapp589XyoM1,3BeWyfyLkfnGYkDYnwPcfopVttxiFGpAUyBxqjS2YhoFi6m3Mj7AvxVqPS3Mi4gBhbwfcwF3UZ9tEHgn5ZNQSGwq,443671119,
8X35rQUK2u9hfn8rMPwwr6ZSEUhbmfDPEapp589XyoM1,nQBpYuvWXRiSeC4YnLWZQ3LEwiB75s8SQpe4T5eoBV7nseNTLYrG3SnNHQBo8iBeADjGK6wmLkZAj8r5cTzfcxX,443671118,
8X35rQUK2u9hfn8rMPwwr6ZSEUhbmfDPEapp589XyoM1,eGbMiaUk3CFb3bnM5z77XoVmTKJiqn9EK9nRKnqYdud7hKRUAAViph7dQBYpgnKf1jACi1ywq2gUBMrWQgR5aCf,443671118,
8X35rQUK2u9hfn8rMPwwr6ZSEUhbmfDPEapp589XyoM1,3M1VckALsK6axk7ZUQXZefwwxCKtpvEdmiR5SPoyQxAGiE4GCuLrmHSD929U3XJSjbivvCAP7PZzVD9bkvWnMLsy,443671118,
8X35rQUK2u9hfn8rMPwwr6ZSEUhbmfDPEapp589XyoM1,3RgHdDWvcLPqvhJukMjxn1jXovnvr92qCSFhchguzYWxGm1P6dthFdgoQroSF3n4noyWHR9UaQP2BpDnQBx2tFRy,443671118,
8X35rQUK2u9hfn8rMPwwr6ZSEUhbmfDPEapp589XyoM1,4WXr3keYVuzxHYmGj7MAHwqM8YartrDjYLk2834BqAVhbgrsDxkTqN9NNLZ8qiRBSxBrCL7gbHB3ZxZf5QeQGNe3,443671118,
8X35rQUK2u9hfn8rMPwwr6ZSEUhbmfDPEapp589XyoM1,3w9cGhu1SzZ9jR1AcWTHNheCom5nP7mWx8oVp2sFf4b24PZ1S9fcHdZYVTZCbqHMoqqGLiZKBGxs4JTkCpGWgqD3,443671117,
8X35rQUK2u9hfn8rMPwwr6ZSEUhbmfDPEapp589XyoM1,wM5SZnFzznWbu1QKxqBFsELVNXPGGEpF3cPiaPm1Ht1wTUGMeycrE7ZeaWUo4xfHZsWHAZpfFM21hBxLZC3b5Rv,443671117,
8X35rQUK2u9hfn8rMPwwr6ZSEUhbmfDPEapp589XyoM1,sZKBASrrnF3HM4EQayUxg4XNiBPSzBpuCqPwn9TVy911KHmK3tuwedzcK5JMdmPGuVniQUpSrkviFx6iWH8FNMn,443671117,
8X35rQUK2u9hfn8rMPwwr6ZSEUhbmfDPEapp589XyoM1,5LfUzS61aaRrUz9tWk5TrCqBUkaRrCRx4f5ER16mgjbtvYZBvMDqLsCfMcnsLmmWyfs3isR1qmteg1BdtE1SsT6T,443671117,
8X35rQUK2u9hfn8rMPwwr6ZSEUhbmfDPEapp589XyoM1,23V36YLAde954qErS6Mc7VEP3yd2eKwJ2VaKXRUQjgFiDaaJySy9QeCjN5pHt82z7j2ca7JhjWhZYny5omC6sGJK,443671117,
CPZmKkAhD2wv1Z21EUZvdH8ZeSD13geAnSfyVBwcW8XK,2iaoH69r3qCzqoZfmSsEQTozejA5b4Ce741KFrj2RfvthR9Zaq7SADcMNpBb2Q8shRkFLrSHKxX8Bhjdxx816GVn,399781371,
CPZmKkAhD2wv1Z21EUZvdH8ZeSD13geAnSfyVBwcW8XK,2MtvFCTFEQ4Mn5vCWTs2gLRN6KgHVkxt1qqxtQsLCaJj3AtgjZtv28zs9NweqMLY3hVBaFi7aUgfiZnrCxY5eq87,399776176,
CPZmKkAhD2wv1Z21EUZvdH8ZeSD13geAnSfyVBwcW8XK,2YxxxNcgLrWiYP9tMPQc32znjZJvkYGPbNEsrrByMybNDA477Z4sQra1Li2NxfuecEnriPe8gjuiSjzoaMQQ3AvT,399769945,
CPZmKkAhD2wv1Z21EUZvdH8ZeSD13geAnSfyVBwcW8XK,5gDmcd1p6m3yGe8CgK6tx4YyETSLiHs1aR9vgBr6bAowArNmCSWFKf6TgMd643E6VhMCbG9wUmqdDKYgGui9inp8,399767080,
CPZmKkAhD2wv1Z21EUZvdH8ZeSD13geAnSfyVBwcW8XK,4BDRHCcy8AgvfomNvUgLMQoqvxzyQ8ZNYqEhyYHTkV7kVr6vg8jq3MKVHzrKARqP33LTjJfJx9P9fpxi5mFHwQtK,311785384,
CPZmKkAhD2wv1Z21EUZvdH8ZeSD13geAnSfyVBwcW8XK,2gxa9Lgwm8bixwUSUVvLj8AukeDin4crrHZyEaq2thp1iBGVRsZNpzzcsroAwSwWcXSnhH9qwavPVscHgXSwoJij,311553368,
CPZmKkAhD2wv1Z21EUZvdH8ZeSD13geAnSfyVBwcW8XK,5iTiR1RUirED5YVeHtkdLzSaZK8cbqdevzKCamSD8YBncGJVTDp3rEjFqH3235uojGd2kBS4U8PLNf41Ho7Ab6Yq,311321072,
CPZmKkAhD2wv1Z21EUZvdH8ZeSD13geAnSfyVBwcW8XK,FS4UvviCuBdtJJGYVqvxVDicmhxUPqHnud22vqa19kxNnF2wPuRTqTsCDrBBTBXSiZQXRk7oJk718nLWdKWcuCs,311089025,
CPZmKkAhD2wv1Z21EUZvdH8ZeSD13geAnSfyVBwcW8XK,3Wtyxmt8nLf4Bh5UAkiKVWJHMbGmdFYxK1b3X44K1tcqSKFn79XFKp5EUZwiMpjSudHUfq9qUkYbeqavc7CNzWSy,310860372,
CPZmKkAhD2wv1Z21EUZvdH8ZeSD13geAnSfyVBwcW8XK,2nyFboUhkjUkni1QnZqukbRdNJMrM25Q6YCwAhR4pvGyVtnz6WMz8L16wpjBK5SGjWxbTgt6U42dUaGRbh7ZP9WY,310630968,
CPZmKkAhD2wv1Z21EUZvdH8ZeSD13geAnSfyVBwcW8XK,4cA9oacweB7bnYVe6BngLWgqrnJNVjfepQ7TTXXbVr1ABoaSgrzUagx1Zv9ETtKbqjuBNdfoYofMX16xtN7XepQA,310401409,
CPZmKkAhD2wv1Z21EUZvdH8ZeSD13geAnSfyVBwcW8XK,3qSasSy8zoaaMTM6SxJF4f7L3bCtbgSFq8QshA79z4NTDGUfF3PxJnAwaGXzCu3KwzxvG3J4C4UMmWDJsfXbaoTk,310236152,
CPZmKkAhD2wv1Z21EUZvdH8ZeSD13geAnSfyVBwcW8XK,4MuGGfCeG5TMqFh6GF7E6XUFK6HuUHz3NAvsUJNFLhF7EZ8xsbLpDasBSC7nD5XveVrAmTVvw6TSszxMXZnZ1SZg,309940376,
8bK8pCuBnJsu4C25g6cr7j7YEosSpHwmYamP2HMBT9Pd,2JorB7yA9arrVPJmAv2NyFqPvMsvxfnp68mptyLdNuW2HrXBqPM7fvJTks4JT6kogt7xMGUwBgGMdJ9jq7NdR59B,443671125,
8bK8pCuBnJsu4C25g6cr7j7YEosSpHwmYamP2HMBT9Pd,3yyuGX5LDbWGqeTT3go6KN4gTXDbRgmhVPJRmTK6CdZEQHdmqQUWCUXCiqpRh6qH1ee7uTXNzRo29rc1CaedVPR4,443671123,
8bK8pCuBnJsu4C25g6cr7j7YEosSpHwmYamP2HMBT9Pd,5uRw6cPhuyq2mXRJPux2Jd7SCX1Jhu84CndoSasG5nc2Kb5THfU2YC14R8dsYQYNJmZvsmZrURrBbMwr8LTBvAdx,443671111,
8bK8pCuBnJsu4C25g6cr7j7YEosSpHwmYamP2HMBT9Pd,2HyEncUM2KRQDidDKCZ38WbWTcuwGkeCzFczAckcGhYe8UV9WgXR4DQaySPWTz1UNqg45tNvJoGWQhe6yGE8emjz,443671108,
8bK8pCuBnJsu4C25g6cr7j7YEosSpHwmYamP2HMBT9Pd,4fV7ute1P8vTfo8k3QbZYTuFqDzXtfNgMvPgj8SLoGrD2eHrTnhfyTxGJudebKnQX36S3EqGaseii4srSgD6TZ78,443671097,
8bK8pCuBnJsu4C25g6cr7j7YEosSpHwmYamP2HMBT9Pd,3hg1ngTGZcKJQMdhJc1pBcksgJosDkcDu4NdU6SbMmu3nFVNVXxiyszuU79JUNAp6wuwygkwnndqdgUJwew1c7b3,443671096,
8bK8pCuBnJsu4C25g6cr7j7YEosSpHwmYamP2HMBT9Pd,JZx8ids7gWbdBoPjKyTizwqACHEwE2ynh8FztpzyBN66r3pLxFExu62hV1GKYCHtQkChbptyEqDB82RcUWK79GF,443671085,
8bK8pCuBnJsu4C25g6cr7j7YEosSpHwmYamP2HMBT9Pd,47iFT4qXuaWbbi9hwEPb3RJJJdTgX7rB67kF9s2sT5cD8fRjWKJYZPqmfgttxJPmHMwd7kjfiUKWgNaDatuHvr5w,443671083,
8bK8pCuBnJsu4C25g6cr7j7YEosSpHwmYamP2HMBT9Pd,3N7w5uFgzAUf9uaGAaxVE3YqTEk9geqaJ48sLxQ3RSGcXJN4UsuusYCSJkszS1N7vpc6qbcRq48Fu4xvuMfWVsPM,443671071,
8bK8pCuBnJsu4C25g6cr7j7YEosSpHwmYamP2HMBT9Pd,4hgzN5aU2zZs7vYEy3VqBqy5a2f1mWf7uGrBnZVFJDiWJsV45Kzud6bFsypoo766rQZs6dcoSxE9Ey55cCECJ9d9,443671069,
8bK8pCuBnJsu4C25g6cr7j7YEosSpHwmYamP2HMBT9Pd,3ftr7WYtC63trLeNeCXsh5A3NcP8DB1qFkrUPoiFTLEUxf3ZgUmReKGuLtnVumQcdufAe2EqXJXfi4GYxTXAv2wC,443671057,
8bK8pCuBnJsu4C25g6cr7j7YEosSpHwmYamP2HMBT9Pd,5gDToq1xE8gGJwmdruRnbuqyi812gahZMNmBK3Qb1DYyXLwf3vPsZdQSXBcsXHnQbAPsLKV9HD7LTgyh8P2tpJaA,443671056,
8bK8pCuBnJsu4C25g6cr7j7YEosSpHwmYamP2HMBT9Pd,4yrUDgWPj1tBom1QdD9w1oUXD6vfiETWH9qwD4nYpUZAivbCnKEsLxNWQ8qYd866oUavqC35aUTYMx2cWuv3rAFi,443671044,
8bK8pCuBnJsu4C25g6cr7j7YEosSpHwmYamP2HMBT9Pd,jvwcZSX5RqFayv8MSxUPbEL2rAmvEuUB4dBs3RuYmXbE7vEqY8P5pVENyiDnLxxmgr4m3nbfmxg4tsiPkDWK4pQ,443671043,
8bK8pCuBnJsu4C25g6cr7j7YEosSpHwmYamP2HMBT9Pd,tX6FPTQLthS9se6R9f1e2mpR3oJnz9yjtLocXxS8k66Ham1LYRMFHmkfAWQQw4HLEQnxHFMYKVNrCdKLTzfgbU6,443671031,
8bK8pCuBnJsu4C25g6cr7j7YEosSpHwmYamP2HMBT9Pd,2XiWKxZ8i6VWBjC9sjGVQEDQBK1pVdBfgy1JCuAv1UZuCNAvWV1aGfEJqMw61oMpfefohVgEcmVCf3WTUf3wZC9G,443671030,
8bK8pCuBnJsu4C25g6cr7j7YEosSpHwmYamP2HMBT9Pd,22p9dB76QiLCqhvijjW5hiWDW35v1fpQhYiomPL1gXXGbP2LYBUn44P4SFo4n2LEFzycBG9e1SpE9q4mBPS1VyWJ,443671018,
8bK8pCuBnJsu4C25g6cr7j7YEosSpHwmYamP2HMBT9Pd,3SREFMzWDaPCbvwm4XuXaydN67nZdLTkqBbi4SvrNZtvWbjuuTPKS9LFxZafV4VJHkPvjHGBYfZ6YXj5KRVvU4W6,443671017,
8bK8pCuBnJsu4C25g6cr7j7YEosSpHwmYamP2HMBT9Pd,3F3ssr2hL8aCdi2Js5R5syWBxtacNQJVkajaf1YyA9pDAdV7UY7vBWNwvSv1cYbafuZsMhxY3BxjbCVUCTRRvUBk,443671006,
8bK8pCuBnJsu4C25g6cr7j7YEosSpHwmYamP2HMBT9Pd,3YPqhWKKXkUSDdsv1NuyaDLsJ4x1a9ahr9fSedQKtDJmhUBkDKuapKqEeQ9BfzRNu2KXkbezZAaxNFC3a5CTRFnV,443671004,
8bK8pCuBnJsu4C25g6cr7j7YEosSpHwmYamP2HMBT9Pd,4hhWMVvBsAgHJfqJRapnU3o7ZdfMXPdTNkSt4JMZ2CWapSSaqXiE9mnGg9UegD78HjRXsiG34KnsJQP8uQRAnzjd,443670993,
8bK8pCuBnJsu4C25g6cr7j7YEosSpHwmYamP2HMBT9Pd,ExEe1To3ipEPgxviJcsZUxxFRppRFQuJkwJj2aWTyxivDK2pGEaHQ6Y54htsPeBTG34sKJg8c73ZCKYNgyqqsnF,443670992,
8bK8pCuBnJsu4C25g6cr7j7YEosSpHwmYamP2HMBT9Pd,27EvFQCQ3cNm8Y4im9JrkyyPvsw5HtfQwR4MbQwuAKJ7EGxm3Gbtd1NxcBLkCJsg5WB4zX4MY6ffFuc19rWHprQw,443670978,
8bK8pCuBnJsu4C25g6cr7j7YEosSpHwmYamP2HMBT9Pd,nnoruzs5xyB4nu7ZHPKaHjGWwKYHnoWRpU7dZmPiuwAbxhRbVnEbAUS5v5hC3oKj3CJy19NkKd3Wg7sxJf4riz8,443670978,
8bK8pCuBnJsu4C25g6cr7j7YEosSpHwmYamP2HMBT9Pd,ikSfpvj5bUrxCn2ugb3h4hieP1qcLE1BVnuX51mc3nsF2hSWv9wQ9ogByaqBFwejM4oSZ6cbKdabHBtJe6BSbyk,443670965,
8bK8pCuBnJsu4C25g6cr7j7YEosSpHwmYamP2HMBT9Pd,2Va6bgHWLBc2c4tUJ2SMbAYcYS1bDAfYLr9vMpNbChJmK3c7DauszLuekHBjoyeYnH1U62eBF15K7Hr4xBC94X9k,443670964,
8bK8pCuBnJsu4C25g6cr7j7YEosSpHwmYamP2HMBT9Pd,3U8A8qBxtyauCzQ4WCPtgysg5outUakexVkfWFJ94oxXm4heuYY8esBB1Dz2RsyDCN5oF4Tfiog8ZDEejoggTShJ,443670952,
8bK8pCuBnJsu4C25g6cr7j7YEosSpHwmYamP2HMBT9Pd,3Wg7pewAd9RC2sd99nYD4DD2fJSVr63ogZoWkvPApodjDjr7NZGi5KWv8LCK9iXoVMZUsz7A27yyrWU7EpVb8KaB,443670950,
8bK8pCuBnJsu4C25g6cr7j7YEosSpHwmYamP2HMBT9Pd,58fWC4fpLbUwynPyZVjXuiZT9G4qRKVEUk6pwdCSjRMBNPyjP5xEWHC8TccUnN8LpApAR6vdjpwHm6fgMkgFNpEo,443670940,
8bK8pCuBnJsu4C25g6cr7j7YEosSpHwmYamP2HMBT9Pd,3r8GFcwdcEvWTfULwo1QoedSPzVJFNoezsi5YHUQ2RAZ4xXMq3H2R3yaMfgEgqsxM1iQmsBXwVwxMv5CDx8FNuG8,443670938,
8bK8pCuBnJsu4C25g6cr7j7YEosSpHwmYamP2HMBT9Pd,3kobriTPML9Zipp8N1MoJtYR13S4TeV9kA1QHpaM9y1p3Aqvqo8FHZfpMmbRyQUG1gRTZp9M2h2UY4tigHerzDyD,443670926,
8bK8pCuBnJsu4C25g6cr7j7YEosSpHwmYamP2HMBT9Pd,289VyHHhtweN6SksDBM8xKLCn2WG5wwNDGdBmBckEcReit7D32r79C9ypHhDTbussejsA3PejkBgjWoLHf3mtvqx,443670924,
8bK8pCuBnJsu4C25g6cr7j7YEosSpHwmYamP2HMBT9Pd,5BYBzboc7CwRvPFjngW99zmbYobLVfP2yAT3BjwxLZ8KCfEGJa7caeFD9c525CpQY78xQ1DrSnw5DaNDHhiMR3Pb,443670913,
8bK8pCuBnJsu4C25g6cr7j7YEosSpHwmYamP2HMBT9Pd,4uVRpe1SpUoX2ZNZFiQ6mtoXbKZv1osP2kf8pizHxGC1h2jAj22qmJJmYmFBYqEjQ6Ha4AV4BRqgD5xZDdjRiVqM,443670912,
8bK8pCuBnJsu4C25g6cr7j7YEosSpHwmYamP2HMBT9Pd,4uDzT8DCSpxWWXpRDhTR72xPHpHNZ59R6fYfHrTkRJtwkQ4MjTLyafWg4cmmT45azcZpBqTCHf8VToPYdtRd8aUp,443670900,
8bK8pCuBnJsu4C25g6cr7j7YEosSpHwmYamP2HMBT9Pd,omQuQoHMwP7N157UYrHoSpqxb2gucMNedj2kyDUap8wDbibvEm48HyrGkmti76MsoKedvz6co5m34dnYyfL9Sbb,443670899,
8bK8pCuBnJsu4C25g6cr7j7YEosSpHwmYamP2HMBT9Pd,3iMqApRggfdq5Q9m6WfeZzU2dwzxj7NDAdyAfkt2rzS145KHLvkiTxi8RquYkj49gUpVziM4k7byfhBHwErFXXnt,443670888,
8bK8pCuBnJsu4C25g6cr7j7YEosSpHwmYamP2HMBT9Pd,5qeeYBgQGSPxzegDULEA45NJoKeu6b7UUULkiBvHyScd1k98F1RPgY7eUa2wZaswqkbMhHuL5bjZ4Dgj5r4ubxok,443670886,
8bK8pCuBnJsu4C25g6cr7j7YEosSpHwmYamP2HMBT9Pd,2iRYrE316JYGLbY86D2SxvSfuXwGY9X5dSA5SwrEdkXBCNb97TGP1RkV2qZViAzKK1HG1EcQXV8rRmFXhPYESGi9,443670873,
8bK8pCuBnJsu4C25g6cr7j7YEosSpHwmYamP2HMBT9Pd,2xHtVQhut1Bs9xx75ZcEPY5MFEPXcTLidFYVZQ3u82Vmfobbc2PvLtBdTzuWEeGB8vfak2T8wq8vUKfQvaTTmggp,443670872,
8bK8pCuBnJsu4C25g6cr7j7YEosSpHwmYamP2HMBT9Pd,5npLjD5fFTk6qgziuSenR1LYztrQT8cSewCq96npT9JvEETQEtB29SUz3hXy7PtgnUByTm4GPokkuPPUtLJaLrdL,443670862,
8bK8pCuBnJsu4C25g6cr7j7YEosSpHwmYamP2HMBT9Pd,2KEuufnyMbMRaq5DuhNTfXJnq4y9gYmQHE9je64PaE5kbn4c1CNDFpWQqUxQ9nKvM2GxrQZMoY2kssVWVwR8c55Z,443670860,
8bK8pCuBnJsu4C25g6cr7j7YEosSpHwmYamP2HMBT9Pd,2vqBqyxosNtLCeyYGQuPVuszFnQyDgWkGFkDt1k6ZcFM91ebiqJSCzrDgbJJWD5J4qTxLTkp4u4ok1aFCV8JgvaP,443670852,
8bK8pCuBnJsu4C25g6cr7j7YEosSpHwmYamP2HMBT9Pd,3Z4hYgSdAFekx9HCJkX1nmWifpwRrgqrzFxhYmpcT5EgzQhi58CP4DhuRdi9zun9k8xzywsCKs53z14fnL7kCudc,443670848,
8bK8pCuBnJsu4C25g6cr7j7YEosSpHwmYamP2HMBT9Pd,4CjEF6iXq4xHRTZ7b5CEawB6oiatY9TGvy6ior2pFr9nHbMPhFqfqmDXz64PKx7o2FTwt3TZtEBJcFXATfePuNXc,443670835,
8bK8pCuBnJsu4C25g6cr7j7YEosSpHwmYamP2HMBT9Pd,2TkvFpgodsjqaEzqNM6Q9j9rUsQPBjZpMfjy2HPVJZzZXn5ohP4qqt9Tvb7qsE1YTXHVYA48mcRPagMBrZGrc74R,443670834,
8bK8pCuBnJsu4C25g6cr7j7YEosSpHwmYamP2HMBT9Pd,AdoePm7PRKdHcqhxPyM5jtahVeEv83ttKZSuVgqpTS7KPYAGjeLd2q29gz2nK7NGz2dMoQSykJhCWsrEf2Gfu6U,443670823,
8bK8pCuBnJsu4C25g6cr7j7YEosSpHwmYamP2HMBT9Pd,5RN4WaJvyvWH8xY9T5wT1by8Kg1rH3F479n4hVL8XDFak7YpUK58CsLvCpCYWjGf7wME84TWHFg3ArcNC8tX2MEZ,443670822,
8bK8pCuBnJsu4C25g6cr7j7YEosSpHwmYamP2HMBT9Pd,5MnfK96vL8teStRkugfqdFUsuWuBYRouBj1Vh8Mf4n52yvwXzRB1bTFWw9MsDRMkCB4ica1WZjaVBqLskpzBSni8,443670809,
8bK8pCuBnJsu4C25g6cr7j7YEosSpHwmYamP2HMBT9Pd,26jDyCeqyiRqY3JisV2YP5MFKua5pYsVbWGBi3HyCDeXywdpeYQH8cNCdexk3oc5KkvJRuxokHVQXY2B5USoGyt6,443670808,
2JaSzRYrf44fPpQBtRJfnCEgThwCmvpFd3FCXi45VXxm,3TTkFgFyz5LBFpKd2E98XEh7j4j1FcCK4rGsMqnKNVexQy6TK3wLHVBsmoveD7H2epBPGSVajc2LuDwZ2CSU9Cak,443671125,
2JaSzRYrf44fPpQBtRJfnCEgThwCmvpFd3FCXi45VXxm,5YZp757FBotb6fhb1xmFjBudxhpgEJJ8fKFdhRDi8bBiQ5zuQpd8iURU4Kb8d9Xxf5SWhszdxCrJbZcyLFxKX2jp,443671124,
2JaSzRYrf44fPpQBtRJfnCEgThwCmvpFd3FCXi45VXxm,2NpPLpYZAHhi8AZ8dUzSMr2mjkzisAisZzen8vForXhZnF1knAWswTcGHiDxbdhb9o51PXKc1qeQtxg8DVHho5yP,443671124,
2JaSzRYrf44fPpQBtRJfnCEgThwCmvpFd3FCXi45VXxm,4WBqutrLhdomUaDvzgL8P2A6og3wqPWsMkyW4adB7qVG8tytpH7JFuwRtLjA7LXFKEfXyQZbmoy5KEMZrxwU9Ggg,443671123,
2JaSzRYrf44fPpQBtRJfnCEgThwCmvpFd3FCXi45VXxm,359PHhqgVNeNZNtZhnB6utzyv3r7P7hRizdbHqsgnss3cKLKipM5WKSwAx5XE1nT3j4tUWVQuU4ENV1tDQmnvp5m,443671123,
2JaSzRYrf44fPpQBtRJfnCEgThwCmvpFd3FCXi45VXxm,5KBBrppCNccgvxrTpVfrKv1jkAuxaWhMjV86vT4obQKf1cKRmLEM4BV8NqJRZAAyALC3pHVXxSri6meNqu9Tpyvj,443671123,
2JaSzRYrf44fPpQBtRJfnCEgThwCmvpFd3FCXi45VXxm,63ZFEDPMN5Zn9tuNGtBkpEXXHNvpdDSkUvfS8PniQxRoDpDWABNumPanD9LXjb4voAWMvs24naQhHWm4Z5cvVBPL,443671111,
2JaSzRYrf44fPpQBtRJfnCEgThwCmvpFd3FCXi45VXxm,5G7ssdUy5TtQRuZKPuxKENms4iiUxsP2ucaWDDNQL2NDWuFcByWY2MEfbgJQA7qMdWimSBdcMpA8EGhGLA9r85CR,443671110,
2JaSzRYrf44fPpQBtRJfnCEgThwCmvpFd3FCXi45VXxm,5HgL7two7cA4LfFk6R8Wm8swD2yXmNc9nTJ5LjnBXgNxVz1uDq7ei42vyGjh9KazVYHSmBtGzfnt5kK5hzxFTWwi,443671110,
2JaSzRYrf44fPpQBtRJfnCEgThwCmvpFd3FCXi45VXxm,4TAr7VFXQeXCveoiHxrjPK5nJ42njVuSNxxWT262o56ykKNmjcPotWoAcT8LjC2Rz8sEyNpDrPaV7KYBXteXC463,443671110,
2JaSzRYrf44fPpQBtRJfnCEgThwCmvpFd3FCXi45VXxm,w1jCRXst7hwF8cC5ekckAVFAUZJiij4ykCNSGBRyzP93LBrZak9r8EFAjxuVzN5MMMSTFGt2rV7U7M93TxS8hSx,443671108,
2JaSzRYrf44fPpQBtRJfnCEgThwCmvpFd3FCXi45VXxm,31h2UhCRj4yLzNxDr4EjwCgZEHaaYKxUtsBB5PuhrvZR2Bj7QHRhEKqnxK6BVoycBUmtqXch79SCUXXVrX5SsRkE,443671108,
2JaSzRYrf44fPpQBtRJfnCEgThwCmvpFd3FCXi45VXxm,4iBFUcZ5W6TsUtNi8j8VcUbfWFhKaKnH6ukVLmR2s1KKEtxSoDsqMa2Br8mdS77ThdLS96C1zaRmtQJGomiZdPHQ,443671097,
2JaSzRYrf44fPpQBtRJfnCEgThwCmvpFd3FCXi45VXxm,2pg1knw5kYQD7MRYLM86hMmJxwpfZrCnmDmstZQHhs2qdaq7eYXPtPwRmE4Evsc6i86BK8tkwy8drFcUtXwwR2qc,443671096,
2JaSzRYrf44fPpQBtRJfnCEgThwCmvpFd3FCXi45VXxm,suQCHCDAJG2fGoZwt8axbtpoXasouD259Yhx8v7ggqxYSScrVyWMsKGNRLynRqvao1rFASDMF4KG2JTnW2XocRz,443671096,
2JaSzRYrf44fPpQBtRJfnCEgThwCmvpFd3FCXi45VXxm,4bjhxLeMVeL3uGYyH51zeTFMpw5gYp7a3r1Nn5S3H7EYVNccvYJ9YbHqYeYji5uB7ZfJAXG1mjspDf3rzRfbj53U,443671096,
2JaSzRYrf44fPpQBtRJfnCEgThwCmvpFd3FCXi45VXxm,5KveF7b4sUoL7wnWDwViR4RvKowwpsUMuo4N5mgYbuaZTcoXzn6Jkqump4VjjwdGFDSeTKcWzFbP6PuhHJJAjdJd,443671095,
2JaSzRYrf44fPpQBtRJfnCEgThwCmvpFd3FCXi45VXxm,m5xakCG4Yi8dGBUfmFv2cEx8CQ66bMXN5DuMiyjadBKp3D5xEhFNnfob7xvQGijy12omZGNgv3bsro3SUiy8ms6,443671095,
2JaSzRYrf44fPpQBtRJfnCEgThwCmvpFd3FCXi45VXxm,4tb9P5X42v4XURDPC2W6KwLiTBM1ECMKPYkj94HVVKidqKBWwPeyk3XwjK4f6x22pC83Gb6rmvmJY3SZbAKC87Du,443671084,
2JaSzRYrf44fPpQBtRJfnCEgThwCmvpFd3FCXi45VXxm,5D3oeVxPNGTPVUt8Wsmp4g9USTNnvYgKqEkYmQAontLaU7Ef9s2GmbpscQSDDqJN3tjua7vqsY5mcSUStAMnott8,443671083,
2JaSzRYrf44fPpQBtRJfnCEgThwCmvpFd3FCXi45VXxm,3hnnSaEh4Ewxp4mQCzLrbDRts86nGa3H8hrYQf3q1aXBrSzAnoQzG9vsWAGaF8JNiKgCttbgfT6G4VXCpwmgXSbn,443671082,
2JaSzRYrf44fPpQBtRJfnCEgThwCmvpFd3FCXi45VXxm,27fH54XQ5WxeYyH5HvhYdhgwQu9qxNw8jtTFxdnFNnEmuyTiv3UhQKo8cUnWqZ9wYiu8WkzmKjyAnkmJMzGsko1N,443671082,
2JaSzRYrf44fPpQBtRJfnCEgThwCmvpFd3FCXi45VXxm,D7D3Ta2u9JEph5DZzPtVApAqmnMiwMiW7HYmWeBtRhfXoqoLZ7K2xHRf2Cq5HWTYtPZxox647DABxNcDF8qmHuy,443671082,
2JaSzRYrf44fPpQBtRJfnCEgThwCmvpFd3FCXi45VXxm,4K9xEerKaKYvjuvBUiFCiPzE2SkXYuzwYAv6U8eGWRPsZc61U8Jj9ZMJxf8qsmz4w38rvs4pXv4CoYZZ1Mu2aeKC,443671082,
2JaSzRYrf44fPpQBtRJfnCEgThwCmvpFd3FCXi45VXxm,5WWGG2z6SvJyEppKptF1AdiztRYbrqSMkMkoJP4bj1xsUQK4PuzcHHMSsx1Hxjj7JdctFqt7do2FJwcXDzFhWQ4R,443671070,
2JaSzRYrf44fPpQBtRJfnCEgThwCmvpFd3FCXi45VXxm,4sVrAYuywfFcAnGKsrY2DKeKsCXjWhqN8HimirvijJBWS9aRmGMe4Qd4QR8CFJyjnrG5A3uE6EwRBtr6mQkBeM6G,443671069,
2JaSzRYrf44fPpQBtRJfnCEgThwCmvpFd3FCXi45VXxm,2JZyB4go6cNsRLRtRYHuPgkp2c3VdG9ZQXHTopbA5pAfKBdy2tzG4Q8nLJ57rPfYLdVrErb8pz9E7hLttF7UBGkm,443671069,
2JaSzRYrf44fPpQBtRJfnCEgThwCmvpFd3FCXi45VXxm,3zmJYZYmuNiNWtTxni6KQHEKT3aVM8cCNZukGxFSXYeKLyaDDXWMASBtAwJnvn6HgyEFP9pu7bRpY4UGdgLdtpjC,443671069,
2JaSzRYrf44fPpQBtRJfnCEgThwCmvpFd3FCXi45VXxm,5PtYAPD9PQdAdoMcTgejZf7PLnTacKFSLKof3hJWj93Q9iDGs9jXoCvzDQz4VfYNNukm5PikpJHjCgJWupc7Ks1i,443671069,
2JaSzRYrf44fPpQBtRJfnCEgThwCmvpFd3FCXi45VXxm,46bRf5vPj1eLsCYTxhqvczQT18LfxaGBdkzHUUyU7Eax5jYo4bJAqNzjfp6ji9hDCeJ3fS3rbWoeELHaUtv4x6Pj,443671069,
2JaSzRYrf44fPpQBtRJfnCEgThwCmvpFd3FCXi45VXxm,2vRDniGnjVUEoiu3wf2DL54QR15HpCUteUQEcRYPj3Ev7s5t4JwmqAx9yW9pm6jLDmp5ToPAWr8AwNp3oX5oVRFy,443671057,
2JaSzRYrf44fPpQBtRJfnCEgThwCmvpFd3FCXi45VXxm,2t5AeCteZSgBhZvV5EEf2fPQzX7DzRdS2VFko9NWP59KsUvQuAaTedK788hURvTgkWYsvKyzWiby9hzGLgpcjEkM,443671056,
2JaSzRYrf44fPpQBtRJfnCEgThwCmvpFd3FCXi45VXxm,5T9Yyf1HDS8Tdyj3cS3PciPmPtXFcf4xuXfE1tHr1dTUTPe9Vhrt6EwhAcu88XPitDKn2pCEtoFGiTK7gTc8FCcK,443671056,
2JaSzRYrf44fPpQBtRJfnCEgThwCmvpFd3FCXi45VXxm,2MLajLtbTiQNM8MUhvJ2fV6177UXPJ29oEgNLZaLASW5FWUC94YshvBz9WaeX7q6DyoyVCKBLh2Dm1gE9vxUZwEs,443671056,
2JaSzRYrf44fPpQBtRJfnCEgThwCmvpFd3FCXi45VXxm,3YHYbwJcUgMJfF9pHGf1EbvgvRXf8STegAndN87P2eAgjLUngZDo3XYuk5i88cxv3r1gukAkHoo7tLHCsrpLazqe,443671056,
2JaSzRYrf44fPpQBtRJfnCEgThwCmvpFd3FCXi45VXxm,5eWYAW6ZjqdB7WdxckwjEdgb68RA6fcQYzEGrB2kVBZRB4VRao4Btd7JGWGZFL6NP9F34FcFxyVKk7uEH2idaqus,443671056,
2JaSzRYrf44fPpQBtRJfnCEgThwCmvpFd3FCXi45VXxm,4WgtuSoyDho8jv1Kyn23NcMt4ez47CvPsxQYLNwP4YBJKvTgzTZxNJgoTUx7HGHnJTJgb3BocQBAHq3jLWx7s4H,443671044,
2JaSzRYrf44fPpQBtRJfnCEgThwCmvpFd3FCXi45VXxm,4d5w4dEzt5mAv7jk2GuRiqRv5aEAx5KU6qC81jMStmwd3pXW9fBUaYV9mXcm7sS3mttCXj2gPZgteovfbKApzr6A,443671043,
2JaSzRYrf44fPpQBtRJfnCEgThwCmvpFd3FCXi45VXxm,5XQasgN95dCHWT7XU1rqkakpuaoDU52AmvYP9CZrznQzMu6swL4XPmQC2ASSfeMMDvmBV7QJtZDGghxFcrcBYHxu,443671043,
2JaSzRYrf44fPpQBtRJfnCEgThwCmvpFd3FCXi45VXxm,3xAGs7BgwUmC1nzWZhQKt8yP9ZEQxVXseAWPBn3mr2v4rRb1bHAoAqfVigW6HfTTPgQifEH8miVAxh9GHykr6P6M,443671043,
2JaSzRYrf44fPpQBtRJfnCEgThwCmvpFd3FCXi45VXxm,2xjZMi2NkG9jG8c9WKTrtDoVR7h1yg8BjHf1cMio4YdMJu5dfLvq7rLRqhFXeq4atnSH4AtZzCY5F6wKqGF5iqqz,443671042,
2JaSzRYrf44fPpQBtRJfnCEgThwCmvpFd3FCXi45VXxm,4hjXAfjuNhsg8fBMogej2x3Msq2QPC1DGPDRrEsbuD28gK63CoWRkK6TQFTxiNK5njT3NfKBiypskL5U5NVc9dtz,443671042,
2JaSzRYrf44fPpQBtRJfnCEgThwCmvpFd3FCXi45VXxm,57p4agA6Q8eK8cmwpyHcztujMvKx9CvvWVWJQhnHcqoZLDfyoo7Lwpugvcmf8ucj2PRYLe9F5NuPt1U77ut4xPwJ,443671031,
2JaSzRYrf44fPpQBtRJfnCEgThwCmvpFd3FCXi45VXxm,3xfMUxHVt1KW4NuHT4pEeAZaWjJRUN72kzNtgb8Crjmq9d9aX1etjsBCiDqZK3bf8rqD2CifPmb6f5an63YWRhoE,443671030,
2JaSzRYrf44fPpQBtRJfnCEgThwCmvpFd3FCXi45VXxm,5eJMCEqu8qH49LE6JEVUm5BA3JRqTN6TmGytHtibxFyCHvS3zhDT2FeNb7twcjAZAruxvwRzkMT9DQAoVKS4fxv3,443671029,
2JaSzRYrf44fPpQBtRJfnCEgThwCmvpFd3FCXi45VXxm,5doYmB3zteqkXZxHKA1jnmmWhXkkWoj527UVf2wxHNPqVfpwaoSQC51G2un4siA7m2Pfu6wHMMPzrdQgt5wxo5xf,443671029,
2JaSzRYrf44fPpQBtRJfnCEgThwCmvpFd3FCXi45VXxm,2ALD6ZTcfCfntCmnkjDu3aVGtDjEfrjr4Ma8o9ey2hXLWDcw3SyYt9jTBS41rXAeeDN9bQGiTmpRLxtjsCssvNCi,443671028,
2JaSzRYrf44fPpQBtRJfnCEgThwCmvpFd3FCXi45VXxm,5oxP1e4MeHwpWcEphEreqpAj5uUmrUSWUG1gXtsEkahoVF41b2xyiRN7ARFBBxmQ2t1vfHXCMAysiuusy65fTFJ7,443671028,
2JaSzRYrf44fPpQBtRJfnCEgThwCmvpFd3FCXi45VXxm,5Hunbd4b8Ue1JtxcRNLkTUQha4qsTEF5HuKGzkLGpCP9zfkvB56n4rPMfgYAHCU7BBKUL1sN82mZ7z6fxEVeDJd9,443671017,
2JaSzRYrf44fPpQBtRJfnCEgThwCmvpFd3FCXi45VXxm,4QS8WCHJdve1ueDZDmWdYR4NrPZi8z81dPFqDBJWArExnGPQKsTCvbZBEBN7eCdp2YnCaKHTDa4aLJSam7sXNhsj,443671017,
Dn2A6nMEuyE5WFjf9n8M3nACVsbjKEhiXeff6CiD6mtx,35oj82vtPU7vK44xRG3HtwX4dZe4ugPzdHFEA8qSndW8ZSQAycuPEeddNoSTatTyUxuAeaovKo5g1Gs6U9faPH9z,443671131,
Dn2A6nMEuyE5WFjf9n8M3nACVsbjKEhiXeff6CiD6mtx,2GhXxKS6fqiay7bXGXiHDtPVzxp9y2czkLQgfoZ9fz4vYxnzL2762n6cM7AiDEDTARix5AciZxvRUWac3LHcCLy1,443671128,
Dn2A6nMEuyE5WFjf9n8M3nACVsbjKEhiXeff6CiD6mtx,35WaZsehVrd6AKro2hmcwossKEuQDx4cRpekbD7GdoAxwJFrt3KhcHMtKdSsYDGXeoYPCNBSHwkjXjua1WryMXnV,443671123,
Dn2A6nMEuyE5WFjf9n8M3nACVsbjKEhiXeff6CiD6mtx,5Jo2iYsfZpeUurS8tNwru8mhBb4icnBkqTcgTNQrMFM9uVRxUDmRkAZs5T7KETJccZs3XWtcdKA48ivfa9zaZ2fV,443671121,
Dn2A6nMEuyE5WFjf9n8M3nACVsbjKEhiXeff6CiD6mtx,4nKVbUEBSKMSxcSWkkYBEFUC3ML5b7tTSgVKTrGJ1Db2cw3eyHysgcT3HCrJRotQKhj8wpMpxhPupurLjWx97XWm,443671120,
Dn2A6nMEuyE5WFjf9n8M3nACVsbjKEhiXeff6CiD6mtx,5oWv5QG3TpnRP6XBLos93rxsmqqSM7cf69jxEbfW96ZHMRJCHmVKiNCFcsxoG2C6mh2fQre9jipamiJSZa2ifYZD,443671107,
Dn2A6nMEuyE5WFjf9n8M3nACVsbjKEhiXeff6CiD6mtx,5uj6EJw7sQtkrt6jgdMArFVbLgGHFToCF929RSFJ42M5gPETHTrDYYyqAiWCs1awtsF6Gi2QmU7RKv2vX9EtdsTm,443671096,
Dn2A6nMEuyE5WFjf9n8M3nACVsbjKEhiXeff6CiD6mtx,fC365LJNZzZ7m81DkGNm85HpDQDsiK4UAnKLETd7q3BKtktTYxQQNUbbHvvKDsMjkMUMWx8C7KZXpwUWh7wRiSt,443671092,
Dn2A6nMEuyE5WFjf9n8M3nACVsbjKEhiXeff6CiD6mtx,5L381VRsKQaFgqP6FnThFZuqAPnE3y6eaqjK6VMJV1fRjvA157f4YXvv4Ya5PuHWm2F7agzMjUUEJCpjq7nhUvra,443671091,
Dn2A6nMEuyE5WFjf9n8M3nACVsbjKEhiXeff6CiD6mtx,4zm2bGADuDmnjWYt8b5edTxnhGkmNDgvhwWCynpuxnUtXojPjC8PvFXYq5JZcafxE4eVd2UBBbjAR5rMeGaWgBNR,443671088,
Dn2A6nMEuyE5WFjf9n8M3nACVsbjKEhiXeff6CiD6mtx,4sLAmFkKXEBCWahThDM3UwRyrUnqa6BZzs3o6cBgWXVGXYtP2tc9A88CpRZyaVGFqZJ7kgL5WY6tNfcAcWQy9isG,443671087,
Dn2A6nMEuyE5WFjf9n8M3nACVsbjKEhiXeff6CiD6mtx,3LZnP46hemzfjAFsMNgcPLyFFMmgDBifam8oD1Zq7VAbCZ3EdhxhSuFGdpusa66q2e8oBAWztXKjLsgyRp8GDbnR,443671076,
Dn2A6nMEuyE5WFjf9n8M3nACVsbjKEhiXeff6CiD6mtx,5o8QGRf1cNNUKun2eXkBMjwaczXD8RHqDbK5F6S9vjuPra6mkYP6Uih4KHVurA2ZFo8kAMEQjDyfDZv6p9KsGsDF,443671075,
Dn2A6nMEuyE5WFjf9n8M3nACVsbjKEhiXeff6CiD6mtx,2XaUoFNnZNKGGJVDhnnxiQ7mJMwiwZLXPGkpQ2yDkKo2qDFgb4mp3bWTLmbrTdJvkb3YYuD93kx6CZk4nUPnMw7Z,443671074,
Dn2A6nMEuyE5WFjf9n8M3nACVsbjKEhiXeff6CiD6mtx,4Eq6TAHTPigpkgjTbKgeggCYXx1F6zqanvnY16F77m1aYugygfW1ENVQUQocZj7X4LoAgL2hyuYiBiQe47bPokUF,443671064,
Dn2A6nMEuyE5WFjf9n8M3nACVsbjKEhiXeff6CiD6mtx,5e7KGKsBT4CAUC6yxfLJaFtoSWEFhtyh6KJ3Bz3BvsrbADtq9tBf1PRageq48A7NKuzNMXzsFbyH2zcsm1KS48Hg,443671060,
Dn2A6nMEuyE5WFjf9n8M3nACVsbjKEhiXeff6CiD6mtx,W2DXA1xJGFGVFr7aeT5sbLnUx5GH5krUdJeAhQZfNAeYaA6XqW9LVD9hhtG2HQgqB8cAdigUFvosmdAGMPZo7N1,443671055,
Dn2A6nMEuyE5WFjf9n8M3nACVsbjKEhiXeff6CiD6mtx,2LappXT4jjxJkaz74NbtQJPvjcAxaTtZXEBR3Wi3BSnKX56wZ4AYSemk6ETjyu89h4htKWHZoWPQCSkdyaMxsqFW,443671041,
Dn2A6nMEuyE5WFjf9n8M3nACVsbjKEhiXeff6CiD6mtx,NemBqbEfRuyBHtAooUMUGcZXfacVrmM4nKN77dHZiwRkHeH4e9cZQZpgdtujYoXPcuEhiirz9prVZgS76pGKyfk,443671037,
Dn2A6nMEuyE5WFjf9n8M3nACVsbjKEhiXeff6CiD6mtx,5swgsM36m3sryeAQtnXA64BHwT4MuuEyK5A1rdhj8afM4sYV6Y9KhAVGcJywiSkPUxYcnWx5aMJH5hGepGXJrjG5,443671036,
Dn2A6nMEuyE5WFjf9n8M3nACVsbjKEhiXeff6CiD6mtx,2hWsiQQCjRsRZLdeEmwyFNa29Q3H4wnktiCHGFPHufDyQhhaSVnDJKQfZM5ZLwm8q6qqqpHdxqYeHfxP6fX1Buid,443671035,
Dn2A6nMEuyE5WFjf9n8M3nACVsbjKEhiXeff6CiD6mtx,4c588AaKQPQ2BGg7fug46PxzJABeGpuAddRawen2fSCTkjPLBDwgxg8ELc1ZZayyUNV8d7DK8teSDSLRsWy14Yc4,443671028,
Dn2A6nMEuyE5WFjf9n8M3nACVsbjKEhiXeff6CiD6mtx,61U5Zr6XDrz3YkT3fbD6ZP4czFaqMbN191wPBsD4znQKtz78KMGfrZmARetvouiC4tR1oapNN7ZgzdDbAvQzgTM9,443671025,
Dn2A6nMEuyE5WFjf9n8M3nACVsbjKEhiXeff6CiD6mtx,5s9GuXcmdjsv6H7YTS1M5PWH3jmZSn8XujhAv5ihUyAV7DFzuWcS6Dzv1vtwzTpXBN8ULy1dhd7fxnMYtNRruKxZ,443671020,
Dn2A6nMEuyE5WFjf9n8M3nACVsbjKEhiXeff6CiD6mtx,5VcjpcxpV2Fqosmv8AVJMKuHUm321ZvrkQobGv7i5gqniWgogW5J4sgmns4bTE2Uskf2CUU3FYYLRV7ZYvTaF9Rt,443671017,
Dn2A6nMEuyE5WFjf9n8M3nACVsbjKEhiXeff6CiD6mtx,3W5iAy9h6mBeGFgQdV1WxoNZJ6L8V4ce4rnM7G6LJLxEvzEA39Luh3CFGngCHk39wVQKZTbth9LJimGex6unzZW,443671012,
Dn2A6nMEuyE5WFjf9n8M3nACVsbjKEhiXeff6CiD6mtx,3uKwv7L54486JoPwkXuhLpNgMygFyRh9W8p5suqBCFgJSLNiEwCURrVe4BHX83QWMqcM3zC2jvUKtANLvPhJdUaM,443670996,
Dn2A6nMEuyE5WFjf9n8M3nACVsbjKEhiXeff6CiD6mtx,2d9aQkTwiTCuEJ8SnEApCq8wqmDDs2CKexiR13quV57KorCWQgANW7xptbAS1wQyN5KVEwBWC7o67G5WxUNcZhkT,443670996,
Dn2A6nMEuyE5WFjf9n8M3nACVsbjKEhiXeff6CiD6mtx,2Var9rh4xC3grMLHy6tAJdjXS3GZuveyEWQEZs3rAKcfgocKt9AWwEyrqz5WRutHibA7Cvu1rAvP5Z8w8QkgTmPv,443670989,
Dn2A6nMEuyE5WFjf9n8M3nACVsbjKEhiXeff6CiD6mtx,5hpfJzzDG9eGaLsmRyr7TKrrrUpvMdNMuYFKo4a1bvf67bRSB7eH4qdwLsh1S5QNfjSJsfCkAgdApabLtvEguUbU,443670985,
Dn2A6nMEuyE5WFjf9n8M3nACVsbjKEhiXeff6CiD6mtx,3RTSepR9J8uDCBwKTNzJgxGvu7QtPrVJGewyFv1Et2vMZhz9iXA82rjr5QJqK1AiCJnDDHd191whCZRmcCWz41ae,443670980,
Dn2A6nMEuyE5WFjf9n8M3nACVsbjKEhiXeff6CiD6mtx,3Cv1HXKNvV7bNFYo124Hj1v3MwxPuj85uZjSENUXb4k2gUPkD8FtZCkwAgpJ8ZGkNG2A7EGTPXsi5p8RGBC3LsEP,443670962,
Dn2A6nMEuyE5WFjf9n8M3nACVsbjKEhiXeff6CiD6mtx,4cGLXRb529YYPPzZSk1Thg78D5VUZrULBegUYXHmmxvPQERywQ4xUmZ5muUgbW5Bk9BcPHY4UCAbZidHhRfXp2gK,443670952,
Dn2A6nMEuyE5WFjf9n8M3nACVsbjKEhiXeff6CiD6mtx,3rnERZPyRDYJ1CugBLXCUXKSnHHdfbjKvU8SEieSfTyhy5vRDdn6YGXxCnGysDQGKeqkzzdcEEHcsNxXfb72BS3m,443670944,
Dn2A6nMEuyE5WFjf9n8M3nACVsbjKEhiXeff6CiD6mtx,2q2RXJu2AJDFnUraGSHhTfiBTEGQHEgvRKurUhUpH1e7JApTkKxndhbTvfKZgKvxm2oerKEBXtYHrdDUvyrzZWFM,443670943,
Dn2A6nMEuyE5WFjf9n8M3nACVsbjKEhiXeff6CiD6mtx,5uJVvsBAax9hvCuhkUmrtSdp4kJun1YmLitXJfg69zUbR6v86Yvc96s9gBXYvuxz2BV54w8H1jAmZxG451sMwTG5,443670937,
Dn2A6nMEuyE5WFjf9n8M3nACVsbjKEhiXeff6CiD6mtx,2BVw9oqiKybwHKn3AaQMxxbpRGY6LqPAHeyuzRcTiNbrud5hg2ftV4Nuj7PPtysMv23yJtDy2RzHTR6Ta4cytS5A,443670931,
Dn2A6nMEuyE5WFjf9n8M3nACVsbjKEhiXeff6CiD6mtx,Ycd6DQrNpCoc3voVjCULVJgr6n6NsMR2YgncS27DmKwUxhpcYXLznFYCcs4EmzGi49W17kSwfw3TmwziASF47x4,443670923,
Dn2A6nMEuyE5WFjf9n8M3nACVsbjKEhiXeff6CiD6mtx,5cZEyJStXhH1irLTC3HxDYKnkEA3u5fYHrG8LiKd7hNR9J3tFMbTpGEgW48yjQ9A29nNtHppdwBxCFvuTYDCtjn7,443670918,
Dn2A6nMEuyE5WFjf9n8M3nACVsbjKEhiXeff6CiD6mtx,Gq4kxGXGscy8zXV7nZMB5tRWJWHYTC8LvcmW2H3a5vXDkD3LBc1tFA7ukc7Y1zuJWMd2eRvTnq2Jes3z2DmncvG,443670914,
Dn2A6nMEuyE5WFjf9n8M3nACVsbjKEhiXeff6CiD6mtx,2cfVw4htmDLnZL5pR5yd7xnHyE8CQE8B2C1yBmdqCoj6UtLVoE7A71eNFNofvjbS5Q3Zb6z4tEu6DRzUtge57vJd,443670903,
Dn2A6nMEuyE5WFjf9n8M3nACVsbjKEhiXeff6CiD6mtx,DTQT3jTENMdh1dQPCD92wKU6Xy9nQ4kdgHRojvG3wKwpdaC3oouVRaDtXW15hMSGcmmTP8bPRBzx4UraCuZgUdv,443670895,
Dn2A6nMEuyE5WFjf9n8M3nACVsbjKEhiXeff6CiD6mtx,XbAHUvgrJak4o6d4eWTHFK7CbA6Sb4AkDLThsrt3pqhrL3S6crYxoGgzyPSC1GfohDkECHVPuFSmBM8joYmGiZE,443670894,
Dn2A6nMEuyE5WFjf9n8M3nACVsbjKEhiXeff6CiD6mtx,5io4bnhWwvtxvV7BJNtz2tqE9u5cSnAwNT16hKPyi3jKEZGuicwbF4vxEVsNg7Tecatgmy5otyER4t6pRjfJ6GuB,443670889,
Dn2A6nMEuyE5WFjf9n8M3nACVsbjKEhiXeff6CiD6mtx,5FvVYHRvHyVDPWBNaV6ancRBzrJd7aG74aACpGHHyFnMAbYcntaHHwub5deD6dqN2VBA86yHDiKd5udqqdPVD3Qg,443670886,
Dn2A6nMEuyE5WFjf9n8M3nACVsbjKEhiXeff6CiD6mtx,Ao8M4QyFmF3eUmUj6B2fK1V9HF8auvvGLb7rTLViGCMxzQNp5zjNVXYo3G6kzzFEHKmk92fA46CH1FxZiaHGFbd,443670884,
Dn2A6nMEuyE5WFjf9n8M3nACVsbjKEhiXeff6CiD6mtx,5KWtRFf5nLXcCFJq2AfjhYtg9wvc9yeFoazzewVtkKRmv2NfN7GFT32HnUte4jbRnPuwizHLfn7wnkkSQFaDP6GR,443670882,
Dn2A6nMEuyE5WFjf9n8M3nACVsbjKEhiXeff6CiD6mtx,53LyUkfaerGffc13W6StwKd2E4jWNxdJNj7bxpMFinSnFWSzLGTYNfeJiv9UUEPdGeuaqeM1Xi8ZfKvZRyNEWtwe,443670876,
Dn2A6nMEuyE5WFjf9n8M3nACVsbjKEhiXeff6CiD6mtx,JzEcbyhbRPbTpTnTzLbtKPMiebuonW92XmwpanM2MifYRucLpscYhi87275dpDMSsBqyu4FKUDNfxeZCkJWApV3,443670859,
Dn2A6nMEuyE5WFjf9n8M3nACVsbjKEhiXeff6CiD6mtx,DiDG1xFhCgMMQzGq9VqE5jRF5zyYqLkSsEyNK2pihm4jGkCifKvfMFPWUdHdhNQSxi7EC9uMkEgt9X6u6u53pPc,443670840,
LssxRdEeDV3fLd4y4m3akAPfz3HApTBw9yh7TJvFFhP,29sWLQprzeQXj1ubbtdySNkSD4JU2e2hYQoBxgDR6wM86s7RZ9RAbtMgEX2WqDTESY11Tu6oJxURxrZ4wNh29RA8,443670536,
LssxRdEeDV3fLd4y4m3akAPfz3HApTBw9yh7TJvFFhP,3dX2NuByiw8M44gGHdYun1DvH5R4dH2no63hBbN6uiUZAmSM3t6k72KYchVU1aKdaEPYfdxgbPVZDvX7rtr4B4c8,443670534,
LssxRdEeDV3fLd4y4m3akAPfz3HApTBw9yh7TJvFFhP,561FhcsDv21bVJo5aCXkStePUcxfmymKkLquzUUjpJkRRS5LfRZFwPqTzYheA1jsoKTxNueqaHMk7nLhmwKj1NHU,443670531,
LssxRdEeDV3fLd4y4m3akAPfz3HApTBw9yh7TJvFFhP,dGhUnMdRqyrHKZAbGvDMmYC95jt3EK6Sc9UYVHdeswN7ZzLz3JXDRF3QyQxpUG2KGQwfhhNdgJenGu6zt5QmJt5,443670528,
LssxRdEeDV3fLd4y4m3akAPfz3HApTBw9yh7TJvFFhP,3r5GwF6ANTa2HcCgDGpNk3p11H2reaMSYmjwdWqtWh7DnT3ZiGVSsUaTYufZKjeKdrmXcPrxSiikczCSqXoPi1gg,443670526,
LssxRdEeDV3fLd4y4m3akAPfz3HApTBw9yh7TJvFFhP,3s1Sft9aR1u6Zd2moRE49oe7oXDBCey7hkVPTDELQ4H2vJrS9nYxUuppVVGoiFtc61TdggGAZGWw1w2ZV2tRibvo,443670524,
LssxRdEeDV3fLd4y4m3akAPfz3HApTBw9yh7TJvFFhP,3qpKnqJEwhL8untGa9t11pTdF5waBGuTotkHJW7E6tAcKYoM9rBHEMvieeujmhX1iuGobEZSxfkQhFBtpUDAXrzs,443670522,
LssxRdEeDV3fLd4y4m3akAPfz3HApTBw9yh7TJvFFhP,3nX5EjyxLMPuGvXHxo8LThVJzZn2WtTfQeEUzbDj9ZxPozShQTxXGgFNqD2jzg1xmB9a9V2nUZEHpNTLs8vdfMvc,443670520,
LssxRdEeDV3fLd4y4m3akAPfz3HApTBw9yh7TJvFFhP,3kpmidg5Fswv9fyUHWP4EqMJeDWcfR8psh5s2jb2AbXCnCZkwELRYLxazDCfEJtBW31G3kDeUQM6nKLkrhEi97Hf,443670517,
LssxRdEeDV3fLd4y4m3akAPfz3HApTBw9yh7TJvFFhP,4MnyqisuZ1nmvkE4hnqvJEW8RdhoZK9rT43MnJMCT4zeAbVd1GbDuMsWLb5cXH5552VkdycRL9Vyd9Ai2pCBcM5J,443670512,
LssxRdEeDV3fLd4y4m3akAPfz3HApTBw9yh7TJvFFhP,TB64Pt4iKfx7Lz3TiPdEuDpNYXdtYBrEbfLj6HhThEsdCTVptbQGZiHGLmjfSm51rMRMqtNGoRs45hVXEBiktEd,443670494,
LssxRdEeDV3fLd4y4m3akAPfz3HApTBw9yh7TJvFFhP,63sbmG2pyuwLAc4H7EjFf9hTTFPMfeUkAtu2LT2zDSKcinSb8j55NARuxepeZHuGnKaPMRGX3UfEkX4jLCrJ4Yw4,443670491,
LssxRdEeDV3fLd4y4m3akAPfz3HApTBw9yh7TJvFFhP,2ofcnZewYrvyDdErTHBu3Res7yv8YdHSiSrwuBE1DgjVZ6iprrR6svjnocumdmP96YETEhoH7vKjxsY9NgWpHNUm,443670475,
LssxRdEeDV3fLd4y4m3akAPfz3HApTBw9yh7TJvFFhP,4MWzAAT6b3bgaoVQuy7QCREGURfXUqAZxcTRcUs9RCTQjcWK5cAYUo5Cs4PCPJZFh8uVumsKdGWofSNmeySCzrwt,443670473,
LssxRdEeDV3fLd4y4m3akAPfz3HApTBw9yh7TJvFFhP,4y3xS5bgBH4CcAqGJtxwt3NUH5Hr2Rc3VCstnBHd4e3hADJVut33UwTi9LoYPy7PaSCMgwRqAJcb78F7Sc8JqoZT,443670470,
LssxRdEeDV3fLd4y4m3akAPfz3HApTBw9yh7TJvFFhP,5WC71PK3iCHK2Qn93tv5JiGnG6azzkgzX3Qru5Uv61eejrbvJNZSKSabuULY1KCvU39wBpiupN9NEGcVns92jL8X,443670468,
LssxRdEeDV3fLd4y4m3akAPfz3HApTBw9yh7TJvFFhP,2M2aUHP6zhgDiVALJgrL29cXyJCkPRAG9T2kRatrvC3NZEP9dQ9Fw88NootbfkU5YxxWxc3NwDtKd7vS5EGJgemU,443670467,
LssxRdEeDV3fLd4y4m3akAPfz3HApTBw9yh7TJvFFhP,3JMxnDDGt1sAnr9fhFftfM27jg43EVCGwrt6ToLK9RCUnxo7EvCg1cVJhX9qASQQaALTq9sABJZsGuUqWZ4AFY3W,443670463,
LssxRdEeDV3fLd4y4m3akAPfz3HApTBw9yh7TJvFFhP,Y7SnbqUEEbQmUQjbTgCJvVFjmEM7rfyjYXEzkwM4rG1uR8owXvUoH8xmhAtmfgjfefgL9bJ8JBE57UF8yr78zeG,443670460,
LssxRdEeDV3fLd4y4m3akAPfz3HApTBw9yh7TJvFFhP,3Nue4eMwhSt3wzxiscDXedoLP7n16L8QKRHcHcywV8Hb23pQ9USePSRZraPt5ppMKBpwYgDpZdPFFCxWpUatJNBM,443670458,
LssxRdEeDV3fLd4y4m3akAPfz3HApTBw9yh7TJvFFhP,Ds4a6tegFPn247YDYGa5tLXEBC49dmWYzr2gyjZaxP9QKDqr4tChVDriraoGwLCKrPebt1dcxS58vfzdAf6YEgp,443670455,
LssxRdEeDV3fLd4y4m3akAPfz3HApTBw9yh7TJvFFhP,2tJ4Wp3mpELT18joYTb4n8uhCX8u7hHMD7bneQL8FRrq6MDBW5xjc18EQHJWV9XquzgNuxGYK6jS4k4QMxwH4bUb,443670452,
LssxRdEeDV3fLd4y4m3akAPfz3HApTBw9yh7TJvFFhP,4r8Kb24gchyGSn5MrbUgaecDRuebpHnAzQhydJwT7GryaSxUPsf6AXrTaLhx5sMaMYbFUALJjsGh3XaPWmYza2ZG,443670450,
LssxRdEeDV3fLd4y4m3akAPfz3HApTBw9yh7TJvFFhP,8EiTaiLsqnV3kiZygfUNGZiquarzdEZ9xKSink2qFYMHMXZJUVMYd5pZzK6pE9QidmawSiB1ZLyE4RPqtrX9JEz,443670448,
LssxRdEeDV3fLd4y4m3akAPfz3HApTBw9yh7TJvFFhP,2DKvSPQeyfBHevb2E3fUzZHWvJdcBQoSEioJRKYPDxAszGP7e8zxwVTNKLGE2iyCFXgkTTAwekreVzXnQH11gqp5,443670445,
LssxRdEeDV3fLd4y4m3akAPfz3HApTBw9yh7TJvFFhP,5oyNFexnUhJPjS4V5inodLKWCAqzrRZzNHhLtRFddDfibw4PiA8T5Wakp2cVi2vMNDwEDSiccSukDFNxzkc1WAh8,443670441,
LssxRdEeDV3fLd4y4m3akAPfz3HApTBw9yh7TJvFFhP,4u1cVKh4fTorMPFeezXimLtMbC8R8jcDW7fksG5z5FAJDt6YPgGishnx5m25FtUVZ7dip2gyaYrcfL8HLumjxGfU,443670439,
LssxRdEeDV3fLd4y4m3akAPfz3HApTBw9yh7TJvFFhP,UXwFn7Z7H8qQmUovneMuC2Hi4ybiK2oLvq9X7kuF59HEqUr4XNKhG653trF6eqr55UL6ood1rQy2pG6nt6NptbV,443670435,
LssxRdEeDV3fLd4y4m3akAPfz3HApTBw9yh7TJvFFhP,2jVCdLd9pRgfPqsqdoBjP54kbEwDHomYFWRoY9qzhWZUFZz1jTbdPYGA3oAoQeJwvgtsB9LjrCNBS35BsSNpXHSV,443670433,
LssxRdEeDV3fLd4y4m3akAPfz3HApTBw9yh7TJvFFhP,5p8mxGbqJynoa9bCBBoCy3B8ZerQ32enUnG15yDrdfZVtQDPyKCZjCUU6qWKeAXk7T4CEmbGKe4gmM4PBDt8JL7F,443670431,
LssxRdEeDV3fLd4y4m3akAPfz3HApTBw9yh7TJvFFhP,5b2v7hBE6j8a4EEgKXiWDU1BV7aopGvdnFKPdUST46nLiCcADMSEhjDGN9v1Qbac3bLsNJpQRjoAjogmTttLVBwy,443670426,
LssxRdEeDV3fLd4y4m3akAPfz3HApTBw9yh7TJvFFhP,TidDad8MjSmh9XdJkf3q3CmbkxYfoUL6quLrUrALrQtSYdYzvG9ydhCHcBdSds7ytu2DnXrgv5xrW3V23D8wVfX,443670423,
LssxRdEeDV3fLd4y4m3akAPfz3HApTBw9yh7TJvFFhP,531zo9xSwHt6bMgrN3S8ZgTvWAMUuUfHX9ufJVNHhzxMkvU2BZf2C55kXPVqUxj5gSrhXUcvSmDH8E1qJH411BFG,443670421,
LssxRdEeDV3fLd4y4m3akAPfz3HApTBw9yh7TJvFFhP,4UAFUwoP8fszM4nDWmYMt1GcXRARJ4bVfjgWEzNohYyxDJWLyCpjG21h3cepnQenWWifxKoBdffSKJWvFme36kJZ,443670419,
LssxRdEeDV3fLd4y4m3akAPfz3HApTBw9yh7TJvFFhP,NGmhJpUbgiTAm2Tu8HsMnpdN7cedBKRGg9mP7WcszgUt7DAGYWxgqaweyvTyZyqYapnjyBmjk8QRixvxuTYjY7M,443670417,
LssxRdEeDV3fLd4y4m3akAPfz3HApTBw9yh7TJvFFhP,4snjho1kNzY9fkK9nRNBP5pKTdNkJqnyg6BXAwmh7AZNBM31PitG9e2xoSmiwbTEY4kcV6hMn147JB2rpKsvgT48,443670414,
LssxRdEeDV3fLd4y4m3akAPfz3HApTBw9yh7TJvFFhP,AgcmUoCxFLDrwsjRJunNMaWooh6w1DqcV84X4fg1wb25WcL1tYRUoRTdPrLXJmGn1LC9vCXSktovwPNQhd1uK7C,443670410,
LssxRdEeDV3fLd4y4m3akAPfz3HApTBw9yh7TJvFFhP,2EfMtxSXVbZq5GuLQMpsFnap8TTJTV7vwqhi5MLiaxF9pAA1Xt5kcr854MpbpDmWYFfFMML9d6wZx9HuvWT3zQyP,443670408,
LssxRdEeDV3fLd4y4m3akAPfz3HApTBw9yh7TJvFFhP,2xDQhAY2SkKk4nVybXipf6doiDqFZyCCTzGrkJ6S5RSuDLRLkNRw4f3Hwk7efPDFqii4Hjnhb9UYqxoHc3fsDvuG,443670403,
LssxRdEeDV3fLd4y4m3akAPfz3HApTBw9yh7TJvFFhP,2dFPTQ3SBwdP8kR8APHkEWLRh5tdvExNgnXtYCA89RTfffGFo29Ah7DmzuDAN8mu2NstmD3aySBfKEwtLJn7aKmb,443670395,
LssxRdEeDV3fLd4y4m3akAPfz3HApTBw9yh7TJvFFhP,27XcJFoyyLHHRFLfiWM8W6Bc79Cspjiwv1jj9BfjwmyHysHnVGoxDcR4jibURKJEVst47KHq6XWtYPXb8fSUTxgM,443670392,
LssxRdEeDV3fLd4y4m3akAPfz3HApTBw9yh7TJvFFhP,2BuSLxR94eou9HnrL6S43caxjWbbvtuNvrridmigYEyDy1M8anTeSgF3yTgpyXtyjRB7cZFqG9GD5qHkrzTNSQE,443670390,
LssxRdEeDV3fLd4y4m3akAPfz3HApTBw9yh7TJvFFhP,4JRqUb2tWmgM1XAkzihWD6T6WYgpyHRo6i5LG3iK4u8pC8hXhoD1n1uWQq1pQmrrZGiMwJUgd2PGp1VnExnEgS1v,443670388,
LssxRdEeDV3fLd4y4m3akAPfz3HApTBw9yh7TJvFFhP,5JvjgWdYu7itusWeSsuRzZQ6Spa1GnEKMKYAK7UhmpsiXi18eDS6uzoeB7BMTANZ7eqBhCxozugy8EZcNaVDcCPA,443670385,
LssxRdEeDV3fLd4y4m3akAPfz3HApTBw9yh7TJvFFhP,3j3xVsakBvNJ96gybRsn7MoTjjdcLxm3ZywZFSewPmJV7xwjEHCFf3xmyzeHPy3e6NpMnb6NLm1NpQyDa5yLLdnX,443670383,
LssxRdEeDV3fLd4y4m3akAPfz3HApTBw9yh7TJvFFhP,4N1Ufn1EkNQeXUSYS5KYchj3gfNaHvzPYTKhzmQpkrFnf5wp9RjUdMoZKNJvxmDMJKfVLW2Aqn8We2pJC7Wn4CTj,443670381,
LssxRdEeDV3fLd4y4m3akAPfz3HApTBw9yh7TJvFFhP,5hHYaKbFts3kHFh2Be4yf8gWHBHQJL6eh6NM1c5Dgrzi68mFUMUuimTUKwqzDP4QkA3vwjV9tHj9VovvdEBfJgv3,443670379,
LssxRdEeDV3fLd4y4m3akAPfz3HApTBw9yh7TJvFFhP,3EtucQG9aTq8M47RU5AXBtKhPvqFYvnoBs5ueKJTZ4dXUxdcyTmdteRMUkLa8ahm5GdGipsRgFQ1cUFbHpPPkw4g,443670377,
LssxRdEeDV3fLd4y4m3akAPfz3HApTBw9yh7TJvFFhP,4yrdCgJQ3Ldu4Gf5NKhWiYdJjHh4HeRCGhdbPMzMMHU96Cyjcy4XQqiR3CxD1HgjrFttMv1WYRb8sakasSfw6Vz7,443670373,
LssxRdEeDV3fLd4y4m3akAPfz3HApTBw9yh7TJvFFhP,5Ei76vJ5N5ydZdYdc56MdwH1BgjMgig8777EJFCABvfR8DD7mV3CJSyYzKujFomhD6YAmBJVh1dgqzRKnRmhWJxh,443670370,
FVhQ3QHvXudWSdGix2sdcG47YmrmUxRhf3KCBmiKfekf,2gq5E1BwUPfSTBwvT6QeXReRC2sTVc2bmGWG4REfXvASnakW7ZjRZbcy1cvTbgQzso9MoHikjw9sj2E3cYPcGJPb,311785384,
FVhQ3QHvXudWSdGix2sdcG47YmrmUxRhf3KCBmiKfekf,5QXLHei4tMRRacD3joxAuAevaeHbECbRcQzJds8W7GFHZy5MFgjjsodBoSdT2MbA5qTGktTXXK4QHU3b5yVcLXmm,311553368,
FVhQ3QHvXudWSdGix2sdcG47YmrmUxRhf3KCBmiKfekf,5bPd7o6yPzT5sVh9DpapsHhZyFBXw134yCpWrZYoM6ivi35tTL1sjyBJ6Xsitp26zXhMxup4SyybWT4m8KcvBNFg,311321072,
FVhQ3QHvXudWSdGix2sdcG47YmrmUxRhf3KCBmiKfekf,3RjgCB7AD2qssgSUNSn214qmGkWs56exHMfHd8N9K9dYx6JRrEEi8yJsad9aVXNouqGbRDFQRbJkH6KT5k94kgXT,311089025,
FVhQ3QHvXudWSdGix2sdcG47YmrmUxRhf3KCBmiKfekf,AyQrg99d6bJo7xokip1WaKazKWKSoJT7HAG5eD5q46LPUstpCJrrQxkWmiJCFzFmQAeMaLNwWSAmFNfv2r2Um1p,310860372,
FVhQ3QHvXudWSdGix2sdcG47YmrmUxRhf3KCBmiKfekf,3jkdsKbvHxLuEjV8fA5bU7NWQ7VUumVo39e2wVcBHA2ETAnk1v1mhuR3Pr7BxaZAstsGfh2bwQt2fhfMfzZxrLTd,310630968,
FVhQ3QHvXudWSdGix2sdcG47YmrmUxRhf3KCBmiKfekf,5smF86tCRL5jAiPDq58L6uR3zQqnTUeK5c8eDHxLkBQ254NPsWEr9wjvL2PjptrYyidZZdXs3ZjFa4RkBy6s5iV6,310401409,
FVhQ3QHvXudWSdGix2sdcG47YmrmUxRhf3KCBmiKfekf,5LzzExN73CJgwPk4P6fVj5Bw6rq2w224RMmwhnbP86kpu6bNyLKzMLoSB3KKWzdAnrAdruw9oq2qDoKkip4oyBNP,310236152,
FVhQ3QHvXudWSdGix2sdcG47YmrmUxRhf3KCBmiKfekf,2kfN12d1NhzXY98XZk5EUcaL7QkokXe695rRTnwWFKepC2nxEeWEMxB6FjJbJowcmtEE7Ao8Dq16GMP6pJtmBApq,309940376,
2DMfakGXczzXy6esaT1qF629QuX2CA5YwKw7gdahEb9V,2hL1tAmmJQgJZ7NgS1mFFPBLnQSrgLrUD57gwaAY64R6V9soNw9yJA1e3Ust5ThSeN4xBL9d3Tm4q4WeUxJbzE6q,443670870,
2DMfakGXczzXy6esaT1qF629QuX2CA5YwKw7gdahEb9V,4kErm8gowy7WGy7TRmHzgvcfgyNJAr3YoKj3roDuQLi34KRR45kJmsJBHEjvi81fzxT2j6dg4ATD537exmXsBFAK,443670865,
2DMfakGXczzXy6esaT1qF629QuX2CA5YwKw7gdahEb9V,2n4mpMjejWhKDGCUdjbFGYKdYomgkqqiQG9eunLnXqEAWFsLacBnNjp8nAhQkmrCd1Um8N17wn4UR6mE8ZmHjB19,443670860,
2DMfakGXczzXy6esaT1qF629QuX2CA5YwKw7gdahEb9V,zCNigYzFYAyrMw6rSMD239U5vo4G5NTnJzrvhNJVfLFuYwUEqzLWfLS5thePg3GZwF6RRUvXLLZhG1EJEcrWcuY,443670855,
2DMfakGXczzXy6esaT1qF629QuX2CA5YwKw7gdahEb9V,d6AxKNPahdY18ExEA3pxE5sMFakC6zdRtBGJ6v5zgHpfPTrjF5NEBdaQenMSSbUeQrerCebKs6oXJ2yX4GT73vJ,443670850,
2DMfakGXczzXy6esaT1qF629QuX2CA5YwKw7gdahEb9V,Djh1Aiv7X4oFqhXSUXRhk52zeMKU5NdeKeCHyaiEDFssF4Pfgm2WsxhUGvC6rATjBiz7fmj85RsoXxiNDxwxgCy,443670845,
2DMfakGXczzXy6esaT1qF629QuX2CA5YwKw7gdahEb9V,5YaHk6T4Viyc5gp8MdY44FRC9CmurJUhBccwHTFS8orC3BbFbYo4dbCZrsEdJysbd6rRcT8cnsHyaTgmdMLdH2dU,443670840,
2DMfakGXczzXy6esaT1qF629QuX2CA5YwKw7gdahEb9V,4Jx3aoSHgjJF6wSCG8b6nRz8otERh1tyWhcydjrDzHvoqhnFVx6U4UBBGQyeSLVHgjonXm8yLBYBCNTEZh2jP31P,443670835,
2DMfakGXczzXy6esaT1qF629QuX2CA5YwKw7gdahEb9V,2ZgdmmVqiWkRFzxoSDexbPDJtpEXuB9ZDXsa5nBTStM4mqUBQNNhb4RdFYKMaRt7Rn62Fg5FPRYdnkqc47Gmmoog,443670822,
2DMfakGXczzXy6esaT1qF629QuX2CA5YwKw7gdahEb9V,4BtEjfgKrLwa7piLDCU4Ac7ehAy3UBBp9L1Nfht1zzV6oVeYN9A97Tcs4xULQoqYaFvPyPrSNX42iM2oZsi2DHD1,443670816,
2DMfakGXczzXy6esaT1qF629QuX2CA5YwKw7gdahEb9V,3M3msBzLqiQ55JNfJXRjnSRery5aj3zWVmKK45A3ZAwVJp6cVDoHtWvDcB8cZRKewPut9k8GbyvPmhGfSBuiGv1o,443670816,
2DMfakGXczzXy6esaT1qF629QuX2CA5YwKw7gdahEb9V,3eGtQMzdQQiGqvx7hBBWo5Mwq5FnfnMKc3Fy1zXxPCduiTEPdtspMWtf5TU7kfP2DUHUhPSRGRrPsZStMgKXyi3n,443670816,
2DMfakGXczzXy6esaT1qF629QuX2CA5YwKw7gdahEb9V,2u4tiYYZkavfhk7zcX3oQJwag4gskMeUM5R6d5oY9k3CUWDQzcpMJjVJqmcisCryzyy4W1JgVjEfvsSgdJcz7Jm9,443670816,
2DMfakGXczzXy6esaT1qF629QuX2CA5YwKw7gdahEb9V,u3sqh4y3qQYqSyrNa5SRXDVJX2i1uDNmeHDj7W3Gs4xpPaKfXX3tj9vrY9NZMTtvERfzX9yygGbr2qMUyr6FWLC,443670816,
2DMfakGXczzXy6esaT1qF629QuX2CA5YwKw7gdahEb9V,5CvWttHiwUfowbQPKuWBPCy6efecc9KhaiUngRh91fPx7VCrQznRhE8b3uLaqVeHKz8oi3J5RXZBobAgtL5hC8h3,443670816,
2DMfakGXczzXy6esaT1qF629QuX2CA5YwKw7gdahEb9V,4bpT4bvpqbTdkcLLXWgzxkwynpGsP791JV9mxs7cPizK6f1o6CngBPYkYw9WR3G5uHcHr9P3ffats8waK8NLuhrT,443670816,
2DMfakGXczzXy6esaT1qF629QuX2CA5YwKw7gdahEb9V,2X3YEYxXprXg6NsYBBUFUsF3TfEAJBzN39GMYG5t8oKZ6rpr8zwuLpXYmkFMfPZMgveN9t7SyycC739GmVhavQVc,443670816,
2DMfakGXczzXy6esaT1qF629QuX2CA5YwKw7gdahEb9V,3pXVx3U13yXJfAB8fBunKEWu8aDRrqTTuxH51q3S8QjwyByZekf8NwXe9eSmFq3PEACtT98jLCU4fanh6gYSE1yf,443670816,
2DMfakGXczzXy6esaT1qF629QuX2CA5YwKw7gdahEb9V,2ybxgeVoXwjae1R2heAHw4vrFwp2MKgL8vgKXNhu9tw4heiFx8n1QGHARTpbFJJU9twXM3nJCqmMwajBezVoyYpe,443670816,
2DMfakGXczzXy6esaT1qF629QuX2CA5YwKw7gdahEb9V,5DkYrhYiKsy9yE9Zy379rZwQbffPw2DvKkF9mkUUZEzRLzLKJVe3kLkphm8bQo6xpRakqvdvrDvSum1EjFfcRFSw,443670816,
2DMfakGXczzXy6esaT1qF629QuX2CA5YwKw7gdahEb9V,44zsWcHQK21HiL25raSMc2FEduUaZehcKLPvAyhtF9UQYsEqGbi64iSrEQxUQUf6YqPo4KEb7fsq2LWbjjPF4e6N,443670816,
2DMfakGXczzXy6esaT1qF629QuX2CA5YwKw7gdahEb9V,5myVZYBi9Xr9eCheEgXCnKkpJEhGrcV1Xh6BmkmUPZYmYBGKWATG9jVJfGhEQYVf4BH8yQuv1mupHGHz5yHc13Ge,443670816,
2DMfakGXczzXy6esaT1qF629QuX2CA5YwKw7gdahEb9V,BRwgpN4HoJ4c1e9f5vwc64jJXnQ4pjrrfx34Snfs76Cc9YLkJBzVKwF46Q1C1RjSdjXyxpjo4ptBaFa7EYuVBBN,443670816,
2DMfakGXczzXy6esaT1qF629QuX2CA5YwKw7gdahEb9V,3A1JZS8QNG9EPqsM4XJGCKkzNf4Rw5NnKWQRzdByjvGpjrp3AtSpyYdyMU8MXWR9sMTTbKwNQ1W8zuuHoLtfijMw,443670816,
2DMfakGXczzXy6esaT1qF629QuX2CA5YwKw7gdahEb9V,4qCT6e5tWKV5KCBymXGJkgfdfqKVH98LtGWya5UGAd5FxfHq4k3Lq9AzRHDZpssptMuirKB8zvRGC9d1aXZcFkGv,443670816,
2DMfakGXczzXy6esaT1qF629QuX2CA5YwKw7gdahEb9V,5vhsh4pq5WKmBPsmBmCHbtCskwQsxM8RAFh5jhjS2miMCpDFsxUUcDkqkpPg9zYB6kTVdQQpwzzL2neQaTzNkYcP,443670816,
2DMfakGXczzXy6esaT1qF629QuX2CA5YwKw7gdahEb9V,2YDvcpY1fUjytvUqQy6Z54Jsj5aWXAMcMxFF5HiC3bdF1fTdDJq5YUPvcDoDCarjbeo9pVQt2eHrjf6y4FREb6n1,443670816,
2DMfakGXczzXy6esaT1qF629QuX2CA5YwKw7gdahEb9V,4g2mtGiZrEikdVv1z5NMyjpTgmWjbyJQy3S1eiK6w6UYt7Lrb7XEWwJgCyDJtfcpB9ZC8vbHSmWv1wrhCXtC5ZL7,443670816,
2DMfakGXczzXy6esaT1qF629QuX2CA5YwKw7gdahEb9V,5G7J4q4LfttJYTpih5sDnyrHCveCLbH3ety7vjsEv6wLaGLyvm3728VhKgRzQ3VmYq45JbsRUBEPHqx9gEKJ8CQP,443670816,
2DMfakGXczzXy6esaT1qF629QuX2CA5YwKw7gdahEb9V,3ZAPNudvERnx6Q6cJ8xnAW1RQEhzVq7hE8yPML9HBtT5CxGbEHjZ9EVzVkyoo9aeET5S5sUjVJPDWXpVi3qcDRGk,443670816,
2DMfakGXczzXy6esaT1qF629QuX2CA5YwKw7gdahEb9V,vxbgm14BwKMuGg8HXdsGSup4LmapJg3SaNZkDpRMg8GDrKZi1xmpyHuGQyC1qBBYUBymXL2EymU284KJQe35D6P,443670816,
2DMfakGXczzXy6esaT1qF629QuX2CA5YwKw7gdahEb9V,2Aahne3q49cYq15pShPmVK1MeteVLWVBfXAxeXFrXS1FE66F4sHGnehPZM1soskgYB4Zc6uj8yKGsNpo31gUekEj,443670816,
2DMfakGXczzXy6esaT1qF629QuX2CA5YwKw7gdahEb9V,35Wys61UuZu5LLRAqohWh1AWY2yQxYKEuTyYA2HwwGrWzseiTAzAeGw98CVawSRQvy7nnZuK8uuyfKSbVTmkPcgX,443670816,
2DMfakGXczzXy6esaT1qF629QuX2CA5YwKw7gdahEb9V,55KhCHj5cGYCekMDLeWXgkJCfDgvKDnLSvoqbHBUii5Qqb4ozv53Kf5ZhuxYGMkyYqH89ercXBNDxnAkpFEN2ipC,443670816,
2DMfakGXczzXy6esaT1qF629QuX2CA5YwKw7gdahEb9V,3GEpp2aG83GSiuPnoVXjKjAnyqfZYZBrFJzMH9sjDpjHonP2ANE2b6KwBar4GdiQNXgC7LGzkQZ5SiCLL96iqo9A,443670816,
2DMfakGXczzXy6esaT1qF629QuX2CA5YwKw7gdahEb9V,4dH8exngG3t6ibBhwnYWMv6bWt7nwqbyj7HQVwkH1nxEUkkMugvRmxssNr6A2F8eYd2j5ZoH3CRm1gA7p5d9FKDH,443670816,
2DMfakGXczzXy6esaT1qF629QuX2CA5YwKw7gdahEb9V,7GvXCgJnyhkXgAnppFmMD7b939p4ZCeT2MBuCdd5Km5DMuGWd3LcZiNc5y2kpTWVEmUvNmwBZUaJbAMpMdvjsvW,443670816,
2DMfakGXczzXy6esaT1qF629QuX2CA5YwKw7gdahEb9V,35GVTzEqPWSbVBVGYbLuyBLbegFgnBurkzewaNc5cBBjDz5n8j47TbVobgSMjc3ngpwtCtVzuniCDUu11QKXTM6Y,443670816,
2DMfakGXczzXy6esaT1qF629QuX2CA5YwKw7gdahEb9V,5kmuQrxsofwL8qoRtuuSVbay9yB7PJndA3WJqF44wVfb45eKen7XZ7B1ReZasSKy1Y9GyENJxu2WaoR1nWMS3M5v,443670816,
2DMfakGXczzXy6esaT1qF629QuX2CA5YwKw7gdahEb9V,2zU4aJEgjZBkgXVKvjqbe3h6CbNWdRQJ4H5BPbFmJj6MPvndq2ULQoJsN8tBkZfYZiH97zHF7XAgvYAv4g1C8ang,443670816,
2DMfakGXczzXy6esaT1qF629QuX2CA5YwKw7gdahEb9V,5aT3iSnymD8qiBn7hUhH2meX5Fd9zMHV5LmTZ4mbxKML5R2Y58TnesbQjsq4fhKxrxfKqaVkvKyaBxr6zKccdeYU,443670816,
2DMfakGXczzXy6esaT1qF629QuX2CA5YwKw7gdahEb9V,3PZQtwjUrqS86rXjD91FXLzpX489vYkkjBgkWHaffqU3iNi8zVwZo3FeyXsy21EUiVENfu7jhdYhpy77VjAMxVAQ,443670816,
2DMfakGXczzXy6esaT1qF629QuX2CA5YwKw7gdahEb9V,2ZZipGGe6jKuKyHN91APYntyWQoV9iT8y2HA4QqJKPSgn8W2jkYyBrtxKfg53JBSMsDx5vNp2tQ1uBELAwkFVge8,443670816,
2DMfakGXczzXy6esaT1qF629QuX2CA5YwKw7gdahEb9V,236ZqpD73Yj8pxKMsQCUb5rd4B3M2wpiJ3ZSt3NGRKRHku6PoQb9NCGk65Fsce6RWutVtg6o8iYzV8hnydFnfLpy,443670816,
2DMfakGXczzXy6esaT1qF629QuX2CA5YwKw7gdahEb9V,28ZjiU4VedMpqKGujGs1gq4TarHbdt8fkDG5UvPnMVs99uWovkMhoj87sepPJCFoZfYnSHKfWW3ET3WxQz6SXhUo,443670816,
2DMfakGXczzXy6esaT1qF629QuX2CA5YwKw7gdahEb9V,3D3vtmZYJUWNpNw53JTmLcZ2REV5htjckD389wcqoEAzjANxdtoARcB4VY9VsV895EMDtwfo5zpMBjEVBuFaNeWj,443670816,
2DMfakGXczzXy6esaT1qF629QuX2CA5YwKw7gdahEb9V,5o9Pnyon4gvksoVxzv15MsHGSZS9HisTcoVEaUiLdtQ3KLi9U7iFA3pQxUgmpVYyoDWPk5zqsUFu45dpzHdmKCuY,443670812,
2DMfakGXczzXy6esaT1qF629QuX2CA5YwKw7gdahEb9V,4aRFRGJVkJ1A2ovDLhDMVmFnBUsns56e8wiDjKfTj1pUSohyn9GUoESaFgiven6XNiw26rSmYbzX4FuetM5URhzL,443670812,
2DMfakGXczzXy6esaT1qF629QuX2CA5YwKw7gdahEb9V,4XEhHhgnHsJW4QFSBeyr8d8dEtZ2SGUDLu7VMvmQ5Y4ijJ6mRdrhbH7UbgXVCQDBJVUhRPNw8zoCWJZaQ56JyTz5,443670812,
2DMfakGXczzXy6esaT1qF629QuX2CA5YwKw7gdahEb9V,TpCFJ8YJk3Q1ar9g15i682UQiCPsqECdoEA7o67xcfGRutYFhxrHxxNabcU865ogXFateLe8U8LeyqFmJDkn8oc,443670812,
GTpCw6qWWuv3iSGZWAnm6jMkxKPrj6LjWYrn2L1BMWvD,278MrrVS2eatCPgYZYmFfTo8exsCydCbGJofUNxxqTuxc4MErBt2wC7d8cz6JYF1A6Jvz9wpwHBu8tvmCWf1zRKo,443671144,
GTpCw6qWWuv3iSGZWAnm6jMkxKPrj6LjWYrn2L1BMWvD,5KTp35b1ov2ZMdvp3KLkALWYSShykU6KH2uwq63byGDnza841WjjiixeGVfHSKKVZaoDGqNfhhPM8wqW8QWrJXjo,443671140,
GTpCw6qWWuv3iSGZWAnm6jMkxKPrj6LjWYrn2L1BMWvD,3gJaXvw4EeLwryMo3K354XKXWexPGVmzqGn54DnY4heQwx3apjtvYYw4PupyLv3mCtwgUAmFy7v5tkP92UgFguvd,443671136,
GTpCw6qWWuv3iSGZWAnm6jMkxKPrj6LjWYrn2L1BMWvD,4pkMjkgKt3MxGpFYjUTaHG4hkXopHhPBprEsNKEextsC3MdHjtVFYN2zRntNZ4gQckJ1jEiZKLyifCpaRGwrEcC6,443671122,
GTpCw6qWWuv3iSGZWAnm6jMkxKPrj6LjWYrn2L1BMWvD,2aPHVcEcw14xZdkAXPAFEbhghbuvqQVifEupFwebnHztxM9AYTwHStoupCSQPLVMhym9qfPAzvFoP1fQc7GcrgFp,443671117,
GTpCw6qWWuv3iSGZWAnm6jMkxKPrj6LjWYrn2L1BMWvD,3pPwevUzDtvJEcVjGcFZRphsifmCPaB6i29xoi54qgs99beLckA5z1MfNAFk6uVDxT2AnUnKPvDGxkcZyh6FfSxd,443671113,"{'InstructionError': [9, {'Custom': 6006}]}"
GTpCw6qWWuv3iSGZWAnm6jMkxKPrj6LjWYrn2L1BMWvD,5XjaqH2cb2jM4CBhbaNFCW2fhhqCnmtJJE7c4Dk85niXec7b9oEq24YQHzmB2UtSMWpWgkyo3zPfDjFdJZNFNxM2,443671108,
GTpCw6qWWuv3iSGZWAnm6jMkxKPrj6LjWYrn2L1BMWvD,3GsFHVZ8B1Hp3jKA9Zv2swto3kQz18CXcBxCYWFgK9NFAMRu8SKjn94riYG6X3K9ZADJxAp2UQRzK9e75T4n2DP7,443671104,
GTpCw6qWWuv3iSGZWAnm6jMkxKPrj6LjWYrn2L1BMWvD,3KpQvGLZthEg7bFUYEBwhutXcYaMzNqBJAQUKkQShoc3G7BJSnwQGSDRuM6H21qqp2RF24waB1cgRyFnUVMbaoKs,443671099,
GTpCw6qWWuv3iSGZWAnm6jMkxKPrj6LjWYrn2L1BMWvD,UFoB4RCsh7Edwwbbw1ZaqnWNYVA2vDusVDGJNoij4e5ikeQNT5re37MnLpaFp6ZMQTEVTGSgiz57LGA1ZuyHdC2,443671057,
GTpCw6qWWuv3iSGZWAnm6jMkxKPrj6LjWYrn2L1BMWvD,v6aVc7dVGhxFn8pcWNnWWHtnzakcHn9tZPvnDYeqRYYrm6M7Xe1xLbH2NxyCsR1QmL7zzZSjG7mh8zntk8jPiGv,443671053,
GTpCw6qWWuv3iSGZWAnm6jMkxKPrj6LjWYrn2L1BMWvD,5sUJqzNaQRPPGHtSLeDZnyEu97THtKq9RvJtt8YK1Peo7M3WYpKYoPHeir2tG6YTuTZq8DAv4TFZ4ihWfpZE3bni,443671051,"{'InstructionError': [9, {'Custom': 6006}]}"
GTpCw6qWWuv3iSGZWAnm6jMkxKPrj6LjWYrn2L1BMWvD,3Qd3SZ7PEKENYxY6Dzh8MY2f1sHTaCSpgZ6Xcgx5YEbYNRMqUUaWvbsHvNcgu9yEXvx1hacF9wKRKLVf1tWiA1Pn,443671047,
GTpCw6qWWuv3iSGZWAnm6jMkxKPrj6LjWYrn2L1BMWvD,eWCHvPyqPNWWNBc9LWkZEF4SmwTDzBmxw6721SAKsTgVXtJLjshdaSasYvQbzpYvaMVMZ46Xk4DdnW7RDjiwBiH,443671043,
GTpCw6qWWuv3iSGZWAnm6jMkxKPrj6LjWYrn2L1BMWvD,anWXFDS1MRrcba9aG1jaA4e47w7DGm8JJi8JXevEE9yC7MapfCC33AAD14TLd9pDYyswWyksWMoBhGqBszwGWTt,443671039,
GTpCw6qWWuv3iSGZWAnm6jMkxKPrj6LjWYrn2L1BMWvD,3ypaXCKKr5pBAgWLc9eRTDmWvAERyFxMvxmCRazE87CprGpbndfaWQjTvDu8xgioAjopxpMBTGx5Z7nD5jH97NYb,443671022,
GTpCw6qWWuv3iSGZWAnm6jMkxKPrj6LjWYrn2L1BMWvD,22QdArwxcrz9GwcfSGJzDCi4ZBSFpjYtf3M31xhnWXoErGLxdk6GShnSPuFQB8AVynHTBRtj2v92XjnZYwM3bhx9,443671018,
GTpCw6qWWuv3iSGZWAnm6jMkxKPrj6LjWYrn2L1BMWvD,3jchW4LiqwTf68zhy9sNJGy66hTfLFYoA2ouqmeFiaQRjNKMxo8yP2w4NvYcfUpNitB7UajXCSt9CDxX7pY8hr2Z,443671016,"{'InstructionError': [9, {'Custom': 6006}]}"
GTpCw6qWWuv3iSGZWAnm6jMkxKPrj6LjWYrn2L1BMWvD,daAUxSNPksMGMKzjj4v5XJzZKPhp22deXgtipBPS3XWwDs14hM82hjqJ1oYVoDdT67NXq3PAfzeWCk5cMrkuGJb,443671012,
GTpCw6qWWuv3iSGZWAnm6jMkxKPrj6LjWYrn2L1BMWvD,5ky6vo7d5CZk42357La7VXDVmrx4T8YxnqJFaXuPPp9Jtmp81V24uYE8Tn1aFDWasQ98zpB2aYoxtuUAhg8MXoBy,443671008,
GTpCw6qWWuv3iSGZWAnm6jMkxKPrj6LjWYrn2L1BMWvD,4d2YdT5qCYivbNnbEZRApRUnr2VfbkWEc79dxGtckiG48H2FcezfKkFuRBMd4TY3ezpGoZ8yjATnBVF8yohrxZ6y,443671004,
GTpCw6qWWuv3iSGZWAnm6jMkxKPrj6LjWYrn2L1BMWvD,bzBG1JLqtovMvWQXJ75RiNggnnNfjqZh2sRUZmzbZv5Cc9r1sGmqisy8fzxV9aEVncsL6kU9r6KJCsDz5WHCGjM,443670990,
GTpCw6qWWuv3iSGZWAnm6jMkxKPrj6LjWYrn2L1BMWvD,b5giu8HxVRwnmKQv6nCihtZHMQB4DqMkNbVfSxsNg46rsh9prS9FoDx2aQDSBZs2nHFPoPUADGWaDqZWRGZASKp,443670986,
GTpCw6qWWuv3iSGZWAnm6jMkxKPrj6LjWYrn2L1BMWvD,5MXtMrVjBCsS6YAE5zDYh9Cxkp3S35KXXq8QaEoW1P1Dpg9ky4wqxAWVbkABDHvgahSuGiVK4NHrZGC1rb4paNTw,443670982,"{'InstructionError': [9, {'Custom': 6006}]}"
GTpCw6qWWuv3iSGZWAnm6jMkxKPrj6LjWYrn2L1BMWvD,e6G2dpBRSE77jasAFKcJT61ykNBEYk2qQcQd2yy9zm91dUvjPKe2V8uCChRrLfqyiM7p6g27SFQaVuPrDmVgz6J,443670978,
GTpCw6qWWuv3iSGZWAnm6jMkxKPrj6LjWYrn2L1BMWvD,2C7aJrX3MJC1PiNuFojmLUKcewNr1WoU6R6sFJcDgkwVrhdiqrAt8pXjX9LDoaX7WCBb1bgcwfeEVSMuY7t8yccV,443670973,
GTpCw6qWWuv3iSGZWAnm6jMkxKPrj6LjWYrn2L1BMWvD,37rJ3dUoKSc6X8us79JTt7mProNYq4f8EUBBMLThUCXcye3W2MwSutd1tS2ub1mdsSMSvpnxK8hXKiwHEamYFSU4,443670969,
GTpCw6qWWuv3iSGZWAnm6jMkxKPrj6LjWYrn2L1BMWvD,3ejm9hKye2oaAqFgsVkfSomt8XYfywhmgBswiYxSk5A76zZmnNDirhNEygYQ3ZVwXqWtAS1jWDuoMpXLKFEPTXWi,443670958,
GTpCw6qWWuv3iSGZWAnm6jMkxKPrj6LjWYrn2L1BMWvD,3ZQvHfCSMYdMMx4KEY8NqUmZ899BLewZPMUiScYuYXSejhNFatw1HBRjXatjYEoCckj4FYCqnNMepbeCPXQnyrjo,443670954,
GTpCw6qWWuv3iSGZWAnm6jMkxKPrj6LjWYrn2L1BMWvD,4mEMt18u7AjAYDdzm7tU9SNMG3ituknY3NyX9rg7q8rDZ1HxmTGJznwAdaVGsKhGw9FAWyS89L3rAYxYGXPVkkN3,443670952,"{'InstructionError': [9, {'Custom': 6006}]}"
GTpCw6qWWuv3iSGZWAnm6jMkxKPrj6LjWYrn2L1BMWvD,2rpjrvYGdhv8htUPT3e6SB7axe1XT6ZAXmAi1Cz1dqZ2HXTEiLbHuVHApCeRqDByDKia2jkien3xoKmkBL7Lrsf5,443670951,
GTpCw6qWWuv3iSGZWAnm6jMkxKPrj6LjWYrn2L1BMWvD,291FERYk3AiNYeauPii4VmKiMTZ5tpUcpceftvSjedeyc8sp8HErnJBYPgvCYgH7yDLxuMU2rRL5CE3MgNb82Fo8,443670947,
GTpCw6qWWuv3iSGZWAnm6jMkxKPrj6LjWYrn2L1BMWvD,5zzbaZ759PPhLKuDwKY9jjAEyeKfWdSAFr8Qtt6zcEFXgAqxraya7ikRyV2tD9YpeDhboGUu2AehHsNxFXbXQEm6,443670945,
GTpCw6qWWuv3iSGZWAnm6jMkxKPrj6LjWYrn2L1BMWvD,5RopfqBcLUvKq8T4U7Ksrkt7bVSgiihP8nLpAirB69TnhZBh8hFbG4vvzr4nDcAaioD7cT1q8dkpeYUN5WE7sMjV,443670934,
GTpCw6qWWuv3iSGZWAnm6jMkxKPrj6LjWYrn2L1BMWvD,2zWg1Vrm3knWoawqpyXtq1Rj62CPHWQ8gY7JcR8bEdnj97he8osdUMEMEwt8iu2BVtyNEpVxY3Pswo7r1nB8HNah,443670930,
GTpCw6qWWuv3iSGZWAnm6jMkxKPrj6LjWYrn2L1BMWvD,5ZVcnRsckwvpHgnwpXGVUzhidw5LcZJoRchTGjvH73mrS4E5GasAkkV2FgEfbJsAivBaMEQEMuBKJhY1X6ZvvEiF,443670925,"{'InstructionError': [9, {'Custom': 6006}]}"
GTpCw6qWWuv3iSGZWAnm6jMkxKPrj6LjWYrn2L1BMWvD,4LPVMFevnyvZ3bNEWAZy1WJGEVDawTsw5XgYhjjn99yEPkwn8BpAukwZasfEpUexnWrTv5PQoE83VcNHvtT5hHWt,443670921,
GTpCw6qWWuv3iSGZWAnm6jMkxKPrj6LjWYrn2L1BMWvD,DrtozHGeqeoNbBmrtSGJ2xaNHJxZWGBHL1VSFP8y1p6zWNBqEin5R47etLsqDTpjP3xWK2KAfoYLPUx5pNk7uhf,443670917,
GTpCw6qWWuv3iSGZWAnm6jMkxKPrj6LjWYrn2L1BMWvD,5easzzqDoMtrBpxAe9832eJfjPacG7HjuAcdUMd9ADNkFQNN6BbgDg4MEKBy8thYwebToZ1WsBZLBJhPbhHdArVW,443670913,
GTpCw6qWWuv3iSGZWAnm6jMkxKPrj6LjWYrn2L1BMWvD,4QJe6JaPZvGtSdMZ5Ljpq2ephDrW4V4v8uVBx5CFY6b3vRjR3ng5jjLsYHvzZoM2tLggrw7zArMmNM9XWESmcVGX,443670900,
GTpCw6qWWuv3iSGZWAnm6jMkxKPrj6LjWYrn2L1BMWvD,3JkAQ5tewWWLhLzZhfdMGoXyQwFmYYSyE8u1cFRFkWhEUE32rkoB9MwbJFtsZqe5Wa2vcDUTFraRAnSYy7LZoJ1G,443670896,
GTpCw6qWWuv3iSGZWAnm6jMkxKPrj6LjWYrn2L1BMWvD,2k8zYCKCnp3r5zdcNbzkY5YUN7NCeMGiHf2WJKaCjdCN21teXEkuia8wf2JK6j274SLUwmLfLLewNeh6JskZGnea,443670892,"{'InstructionError': [9, {'Custom': 6006}]}"
GTpCw6qWWuv3iSGZWAnm6jMkxKPrj6LjWYrn2L1BMWvD,59kqH7FDLYn9n2x1asueaxdEJJyFexfxz8K2YV6VhP956vgACEq3DyEp3im5BXYFiMm7zmA8CxeFXZSyRsoVco1U,443670888,
GTpCw6qWWuv3iSGZWAnm6jMkxKPrj6LjWYrn2L1BMWvD,5prPLV9iz2jYTFNe2Sshp26Znuohk43Xqvf6BGN1rF95jvgJJUJVySU4qwLzgSHviX7gzBUeBnEEzbTWfHhyc3fh,443670883,
GTpCw6qWWuv3iSGZWAnm6jMkxKPrj6LjWYrn2L1BMWvD,B5jkrWSJKyncAMvzUzWGR4At68aMuBLHX37ifWoZT8MM3nzbhGmJ35ZFjnHDuAi8CYQmiwHwWTd6Fvd9JqLdBRW,443670879,
GTpCw6qWWuv3iSGZWAnm6jMkxKPrj6LjWYrn2L1BMWvD,5Gt1QAY5Ni4eBRrovWvWX4Jj8pChKXWxWU1ReNTAiTJFf964XR6oLstvfkpgyh9Tk5LhScigakFHMi8fgCxKZYbw,443670865,
GTpCw6qWWuv3iSGZWAnm6jMkxKPrj6LjWYrn2L1BMWvD,3xxDDerN6aSM1JdY671arXjubUZXMK33zZN2LzCDdUN2MMwMns8Yw1J6P7ytfs2uMeEeYhGrUuXpCr2Zv25tRPSQ,443670860,
GTpCw6qWWuv3iSGZWAnm6jMkxKPrj6LjWYrn2L1BMWvD,3qVo2GnKR1KdcAR6b9xgHF44hjpVKX9h3UTYF3u5ocSj1B2o3b4xbeLgiGq4CZQYaoyRZmNRRj5b5mjKSXg3xFqV,443670856,"{'InstructionError': [9, {'Custom': 6006}]}"
GTpCw6qWWuv3iSGZWAnm6jMkxKPrj6LjWYrn2L1BMWvD,2ta29QGpDNRT1izQxEqwng5dYR4wKuPx58iAYTqVWBTbj4arK1g77xVR8fVk6c5BHnGoBzPpVcD8NVM4xWocCDE2,443670852,
GTpCw6qWWuv3iSGZWAnm6jMkxKPrj6LjWYrn2L1BMWvD,2nsaQfcghDDMxJZaVw3xVzexkpjawtHqWajdSVHWFr7C1sDxZ1X3WX8nzVMDGwdJqQVctaRDerrtX2fAnjFpSkFv,443670850,
27b4PRN7K37rpTywq65t29rjuNfQkYpxZUjkbtHc5VvZ,5D5crZhqJyX9vjTfGTBebwTsRzVV8fzDQwzbWcMmUFErcwEfcLfizY8kDUa7fefzdKu5w3FkvSSN5ybUWRD7L4Ui,430624469,
27b4PRN7K37rpTywq65t29rjuNfQkYpxZUjkbtHc5VvZ,2iaoH69r3qCzqoZfmSsEQTozejA5b4Ce741KFrj2RfvthR9Zaq7SADcMNpBb2Q8shRkFLrSHKxX8Bhjdxx816GVn,399781371,
27b4PRN7K37rpTywq65t29rjuNfQkYpxZUjkbtHc5VvZ,2MtvFCTFEQ4Mn5vCWTs2gLRN6KgHVkxt1qqxtQsLCaJj3AtgjZtv28zs9NweqMLY3hVBaFi7aUgfiZnrCxY5eq87,399776176,
27b4PRN7K37rpTywq65t29rjuNfQkYpxZUjkbtHc5VvZ,2YxxxNcgLrWiYP9tMPQc32znjZJvkYGPbNEsrrByMybNDA477Z4sQra1Li2NxfuecEnriPe8gjuiSjzoaMQQ3AvT,399769945,
27b4PRN7K37rpTywq65t29rjuNfQkYpxZUjkbtHc5VvZ,5gDmcd1p6m3yGe8CgK6tx4YyETSLiHs1aR9vgBr6bAowArNmCSWFKf6TgMd643E6VhMCbG9wUmqdDKYgGui9inp8,399767080,
8e7ekBeWmMdU6sJqnCwhm3P2bHBpNwZZ6RNiWJyrMyYz,5KdeDg67vXAX592mkVyZ7pViSrBFpt7ryL4dpNmB8TkpEpY1uUrnfV7SnspWE9XHUvK4DucFDR5uf2pAoWA2HwTQ,443671147,
8e7ekBeWmMdU6sJqnCwhm3P2bHBpNwZZ6RNiWJyrMyYz,3eVtMjtiaS4ZRJVvHXDuoPrb6B7kydgJc2JtpcH27MZQ91W1xvyf2Tq6j1Wqk4cYeij5P86xcsB9RHHSWY92DX3t,443671147,
8e7ekBeWmMdU6sJqnCwhm3P2bHBpNwZZ6RNiWJyrMyYz,NVF7qVzzU7pjKyukzL4Ky9wdTdTC11cF6KkHXkXpTVSBBguEydkFEvriizRwV1Gp8pDoFEff7Tmr5i1he3bCrND,443671139,
8e7ekBeWmMdU6sJqnCwhm3P2bHBpNwZZ6RNiWJyrMyYz,4G7rVmF9qJ6j7x3JXZBg8MAuCpopT9iW1mdpR37XhSKn4cpqEFCFoG4TdwK412qkZGBbiHeddQDu6AKMqU4gAqX7,443671129,
8e7ekBeWmMdU6sJqnCwhm3P2bHBpNwZZ6RNiWJyrMyYz,5Q3gArXEXZcpUqbazd9KyXEDqbqi5nhy6ueqKQESdDJ9vXL9Y7smTWDJwNwgqAX7zFzFH5BrDVnN34PbMPsRdYfw,443671119,
8e7ekBeWmMdU6sJqnCwhm3P2bHBpNwZZ6RNiWJyrMyYz,2Bp7SPDcFbzzvXe7tRfsL1NFN9RfvLuT9NURGhWvM6aBEBnFu2Hu9RtcmcR1XBDchT6jJoySJpxqNcowQsqEojcv,443671115,
8e7ekBeWmMdU6sJqnCwhm3P2bHBpNwZZ6RNiWJyrMyYz,CBFMDBPWPeaVDZHGHeUioDvd6JQC9osAGxHFk4PYj2rbwmyqE31nWoXRNRPsH1Nqa14mMRLbZbQkhCtm7bZKkZg,443671107,
8e7ekBeWmMdU6sJqnCwhm3P2bHBpNwZZ6RNiWJyrMyYz,5PCtdVy7LXzvHq4ohEDKaR3hBG5mPg2uRQpYYD2FDWxvErnuhBMZveLd7dcQx2uAz2kG1uwJ92wT5Qq6B2qSvVJh,443671104,
8e7ekBeWmMdU6sJqnCwhm3P2bHBpNwZZ6RNiWJyrMyYz,5aE9AAjBw9QnLDEERRWGi9ub7w4j1shDqPBXkfc5tWbxq45rdbHYvmiNuUo9J34r83MeEuDDWh2df6QjMiSj7SYA,443671104,
8e7ekBeWmMdU6sJqnCwhm3P2bHBpNwZZ6RNiWJyrMyYz,tQfbFvJ4KnbPjmq8AriYNnzUFqXJHUt8oZMBfRnbFceAXnp8FffS7W7oDT13CuZeJEKynaK6nkb2dkGHZC8W7Fn,443671103,
8e7ekBeWmMdU6sJqnCwhm3P2bHBpNwZZ6RNiWJyrMyYz,35drp1PG4z2htuvtKgWK81RA8bVLnxa71QBJewErkZLmSkA4ynpALS57smUQ9YAnPbk9SD2TncFkDjNhpqpK6Wmr,443671100,
8e7ekBeWmMdU6sJqnCwhm3P2bHBpNwZZ6RNiWJyrMyYz,2HxtJyyV8e1LBRwqiH9upQbq3vNhtdh6h695cojunDdJfWE6qkSMx3fNFr8X4SJRiXg7CoZtGAxYpvYzCeUsoKGo,443671084,
8e7ekBeWmMdU6sJqnCwhm3P2bHBpNwZZ6RNiWJyrMyYz,3YVGsUDpQYzjgxZCTo6v76oRV43AJ2AbwZq15wLzLYSiGx3N7vsyBKVHPYWdNqJb5mWYUTFjSF8pLnbsv6Y6M6D9,443671083,
8e7ekBeWmMdU6sJqnCwhm3P2bHBpNwZZ6RNiWJyrMyYz,4CoeHriQHRbTs8GLNrx6dZtv1Mf6b8KvnZCTzueUahFUnnuMonNPAZ1Ti7gszg3Bq46PpN3fmds1twwepkAmp3pY,443671080,
8e7ekBeWmMdU6sJqnCwhm3P2bHBpNwZZ6RNiWJyrMyYz,98F7n2bPwnLxEfiUfmaj49t2AkYngNRmExy1n6cDLindGon7VXZvFh2zNJh858WBfk4GnjxV1kTtJDL9kYSe5mE,443671072,
8e7ekBeWmMdU6sJqnCwhm3P2bHBpNwZZ6RNiWJyrMyYz,21rPvou1ViWsBZ1aG1iCfNPB6Z63XaDtBY8DGskW7NNrpYGNxTriPi2RJWfvBXpZgQLehwyLxybwwqSDyDCGsQ1r,443671067,
8e7ekBeWmMdU6sJqnCwhm3P2bHBpNwZZ6RNiWJyrMyYz,5v3d4FviN93rK2k1ZsY6daTSdXV7y17D6vSReqGFdZe571AzwSaJoW23k15bkDH8qJkRX9z5UAATEfovsnZzEJWx,443671063,
8e7ekBeWmMdU6sJqnCwhm3P2bHBpNwZZ6RNiWJyrMyYz,3PSdbjA8rQREqq11WsfgtCpjZQPTnNPXez5ZvMJKqaGnPKo2hc7vNLWXSpKg5o8Phrr9hqUpRG5WXz4ZfJcgKpmK,443671052,
8e7ekBeWmMdU6sJqnCwhm3P2bHBpNwZZ6RNiWJyrMyYz,5697s91iSQkGDzBnJ2gFSE4c8ceYh72VEUjPayKjgeifNWPecyUcdfDHSpKcbhdWyXm13jpFywnGFwjvFZZRwEUi,443671051,
8e7ekBeWmMdU6sJqnCwhm3P2bHBpNwZZ6RNiWJyrMyYz,3wbApenNfUqTUvQcxHZ8NVVsCFauPGzKhkjM9RPjjThEAgdrLynBCRBLYUzDJJ2uNvkyFkWmsQGhJne1WUJfVTtq,443671048,
8e7ekBeWmMdU6sJqnCwhm3P2bHBpNwZZ6RNiWJyrMyYz,nmaocXsF4FVBTFUjzvfqpJrsGDx6HenGAgxR4HVTw7eJ68vZBerpKuUkAXRniDpUWhv2jYF7ucpCsVRt78qozZo,443671033,
8e7ekBeWmMdU6sJqnCwhm3P2bHBpNwZZ6RNiWJyrMyYz,5134BBw6aCK5YadMiSG4qvLtoivAB3cD31vSESRGiQhhT8Mo1LpuPYvnsga56fdbm7Sbc583vW6xnJCdMtq9jKWZ,443671032,
8e7ekBeWmMdU6sJqnCwhm3P2bHBpNwZZ6RNiWJyrMyYz,57HHg7sQVjxCytYtg4zS8sZ3wmgvXeunXN7hKqr7k5yMz7b8Qfv7fiMFKsTrrHJSCu9vTEVDoJPaKavckDNeUphx,443671025,
8e7ekBeWmMdU6sJqnCwhm3P2bHBpNwZZ6RNiWJyrMyYz,3zuB3b1fJGNBbiqZZdoajMUPWeNyw1Zkqcz2fWnRXJLQ7GMrsem4mNCAEBQ6RmSUvbaWpCZatMuyVEcjpZ6ryhJb,443671020,
8e7ekBeWmMdU6sJqnCwhm3P2bHBpNwZZ6RNiWJyrMyYz,3Gm9Ucwej26xUiBVW8CQwQi1eStbboauckDvg42azHoXiibHizkUVVRmXG4GJPz5MgezQuCxHtCU9DsTYhxhQKix,443671018,
8e7ekBeWmMdU6sJqnCwhm3P2bHBpNwZZ6RNiWJyrMyYz,5gzgpXqETkCnLDQPjqBwRRGY9PRFBRNFvr8kf4fA9WXxgLG6VXZ3YZZKWY8VsC6aeKdcFGecoi4TQuV31PLhHZEr,443671016,
8e7ekBeWmMdU6sJqnCwhm3P2bHBpNwZZ6RNiWJyrMyYz,4UKjwdwAn1QtS9WzLpWT8ZwjGTTgTva2A2yV53E9eXSArrffFcB5fhxYPEeBBD9LCR4NyzPUm3GjdeG4suUe3REr,443671013,
8e7ekBeWmMdU6sJqnCwhm3P2bHBpNwZZ6RNiWJyrMyYz,3pWPjg2jHALDgSdrFT6K9TX7pswtTgmqwq7kUAXq2PTnunCFdYn9fzTaPh7zCcXmqmXiyqfvng4jeXGvcwv1ykPY,443671000,
8e7ekBeWmMdU6sJqnCwhm3P2bHBpNwZZ6RNiWJyrMyYz,4Yi7BsiVvXcU6tHiYGrUdCcam6nvjba38pAEnppKuRbpoRv6HZ9aFtm5nAxp1NbwE1sp34kdeYx5SrdBdvhRYZXf,443670997,
8e7ekBeWmMdU6sJqnCwhm3P2bHBpNwZZ6RNiWJyrMyYz,527Xtuo9ieEUEYQgK1XVTjg4Kai7zKxB498BbrAw8M9Ufj3mKWxbh494pTUvpAZ5uWXCRemZkBCaJZuo6VgdgdST,443670992,
8e7ekBeWmMdU6sJqnCwhm3P2bHBpNwZZ6RNiWJyrMyYz,2ApnR7R9whKyuBtGSPmEhnZG8QtZXY5Vpj7vmaXHjytdukmjhuF6E3mpwNWFnWMEW1vECYtTuW3M58dnU2CtAFHu,443670988,
8e7ekBeWmMdU6sJqnCwhm3P2bHBpNwZZ6RNiWJyrMyYz,4vsuWTRFAtLVkgrEtUkNeB2V3mnR1dN6HLFgdB6vyFYfcu716PsgYwUVqiUAoqtj86mFKTjbLx4MAE5RGJH7m11D,443670980,
8e7ekBeWmMdU6sJqnCwhm3P2bHBpNwZZ6RNiWJyrMyYz,4wJ5W1fSUADycyb9dSdTXZpr45LwgRWojkeAfbz2oNFH2dgEAQ5JzdPHMDpAt4nVgzKEGPEP9BptauD6eVjiEi9W,443670976,
8e7ekBeWmMdU6sJqnCwhm3P2bHBpNwZZ6RNiWJyrMyYz,48XKRDz7q1tyFtt4KvBPwHCfix9q2aH3YqUhKa3mwGtEv4Cokmjp5Cvn2kwLmwq5Cab22TsCKu1PbWKQt6LkbXd6,443670973,
8e7ekBeWmMdU6sJqnCwhm3P2bHBpNwZZ6RNiWJyrMyYz,3v3asNUBLLVszBq7KUgiqS1u2TVBD3sRoA2fg9YzzgzHF4R2WpzLpT67FH5Cy696qS2nTomj1YQufGSpBcspWQnU,443670972,
8e7ekBeWmMdU6sJqnCwhm3P2bHBpNwZZ6RNiWJyrMyYz,Wg4ur355Lr9t2ih2fveYyW3uo1P9AVEEq9cbv3uUASSkpqoqy7k8NTFV7vxTmztLw9PRGeGvX4fkoA8aKTNeCKA,443670969,
8e7ekBeWmMdU6sJqnCwhm3P2bHBpNwZZ6RNiWJyrMyYz,4x8VH3ei5NRXqa2MFY8piy9Vu1qHzuiMEAvkA52bHCGuJyMx7P21EdsY5o9F2qhWeVXL3mDFxN95XxKaULanqQRj,443670968,
8e7ekBeWmMdU6sJqnCwhm3P2bHBpNwZZ6RNiWJyrMyYz,4JnemtTDsVb3M9vjbad4mU4jya62gJsZmJDQirwcNe3YtkkvWS9Ac4zDMvqSScBwmCcxtRpP7c5hNM4gchPfDPiZ,443670956,
8e7ekBeWmMdU6sJqnCwhm3P2bHBpNwZZ6RNiWJyrMyYz,65cCVnaoNvdBLmgZzdWJPsNBc7JBDbw2YjKbFA8eX86omT7Bqh2jw6H691jHJbGYGHAvDP7XDUZDkdW6winZSxzU,443670951,
8e7ekBeWmMdU6sJqnCwhm3P2bHBpNwZZ6RNiWJyrMyYz,VokEZcShf4wqwkpTWtKvPunrAKPBUHUwHmDMYtG5tCidPVsBg8mwR48xTNLWi5Qz53M7CA9w6kG6Cfs3dU64Prj,443670948,
8e7ekBeWmMdU6sJqnCwhm3P2bHBpNwZZ6RNiWJyrMyYz,3SPeKBSi8ALh35UJHpb1uqZazxswE3Pc2n2w3qeCNXXHLpHFtEP2eB546U9bbEV6AprVnQZ3auqtLL2qjoE9VWx4,443670938,
8e7ekBeWmMdU6sJqnCwhm3P2bHBpNwZZ6RNiWJyrMyYz,3x8JiQrh8fE7ZQUoXsAYHWpDUZqge5XK6wgfHV7bLDu7EGa26mU6BSSiWyXr8co7pXbKpdYiTz7DNJKdaA6zvuNy,443670938,
8e7ekBeWmMdU6sJqnCwhm3P2bHBpNwZZ6RNiWJyrMyYz,42BnnM1pMPU4iRv2joAVrVhASRVyozVfVCh9fmFAPn51wZcx2y3SJx8RTGCzEWriFdo3LAcUPfPS6ZMyqNDKzdd4,443670926,
8e7ekBeWmMdU6sJqnCwhm3P2bHBpNwZZ6RNiWJyrMyYz,5fj5X2wK8sHd7q6DJRnenw5dUtFRCp1Fp3DhL4CkMTbjhKotA7MUN2PyLuZoQ9Wx1PnHG2USTbJKnsyWAZNXaSNZ,443670922,
8e7ekBeWmMdU6sJqnCwhm3P2bHBpNwZZ6RNiWJyrMyYz,2KGtxjeFbWf6JpPHTSoUBf933f2ZW2YtGoCJku7PUWVcRoQf13Ub5NyUp32WCmd42EJZLMU8nGs8AoVxf8R9Wg8p,443670921,
8e7ekBeWmMdU6sJqnCwhm3P2bHBpNwZZ6RNiWJyrMyYz,2YCzHCXnBf88dpQ6mdKqK4qjzwhCsByWDXEXPMRsUUJkH5JaVFEJWxE4QWMznKk7oTNSyCNEuWdVbK1FPCVfsmZh,443670901,
8e7ekBeWmMdU6sJqnCwhm3P2bHBpNwZZ6RNiWJyrMyYz,47N7ZdJif6RTq4hSFyyyHaw6U8wQSE2aY3kmG1JwbUiBfPkYpiUGZUgUQfKarmNi1gqZg3GT1DNcCf8uFWfaLYan,443670899,
8e7ekBeWmMdU6sJqnCwhm3P2bHBpNwZZ6RNiWJyrMyYz,2JuqyPWSfFrWgsnuAJ9QSChFenbLyNYaa6kYYJnXnJ3GstnDWTMoCMEdHdpwE831HCDTsP5rd3t9t24MHSNum2Zd,443670883,
8e7ekBeWmMdU6sJqnCwhm3P2bHBpNwZZ6RNiWJyrMyYz,5gtLFezmjx5EqnmizWJfENSEze3J9gCnFrRA5BwBckU4gKJQVisc9BeAkZuEtvEHT2bv9KVDoPH91H552mgU8zZQ,443670871,
8e7ekBeWmMdU6sJqnCwhm3P2bHBpNwZZ6RNiWJyrMyYz,2vzeqNqsgv6c9xRsCfRLKWpwwtH7J7GCWLjC1XsuZvWDyqWot3uZn9q8iTbcV1nK1DDGy2P9eqTGM5Bs49BRorxz,443670870,
Fpajj9ZT8SGfcUUeLQddp2xgS2pueqTCVtGUb47TnCXV,4kD7MY1KTZnvVV8to9qhgyzkbUW4vjsU6w5NavVNd8dTu3mXxiqyDossDGmHiteWPpRWr7fKWwe5BVLf6vT98Gdr,443669984,
Fpajj9ZT8SGfcUUeLQddp2xgS2pueqTCVtGUb47TnCXV,JjACYaoev4Ggd4aW7tY3gPJhZHfrCDenHW67TWY5YDEoHVcFwdf6qTCC6fXpp1uHTFnca2T3rQZFUEW4GtT3JCW,443669944,
Fpajj9ZT8SGfcUUeLQddp2xgS2pueqTCVtGUb47TnCXV,by5X1fPJmR7SU41Q2QrErhi2cnGEeESfv65cUXVG7MRAsJLF9bGeRLFfGZbE6xZfhVVgPZ5GUPrHhsfbyzytkuR,443669942,
Fpajj9ZT8SGfcUUeLQddp2xgS2pueqTCVtGUb47TnCXV,2sfdyqwQGrQMiia6z7yZjGAeMK2JFjYGRcDkcE8g3wZWmQhRZfdJJpMxrHDBJbBG4o1kHLCCMFEbY8C2QHQ8euMW,443669939,
Fpajj9ZT8SGfcUUeLQddp2xgS2pueqTCVtGUb47TnCXV,PBrQJLT8C6CAcs7bjLSegGy6bzRBD2nSPbnDb2hBrLH6S1Csmqx16upGRf2nvnq53oDocQq8nwvUCsa9TXT7MLX,443669936,
Fpajj9ZT8SGfcUUeLQddp2xgS2pueqTCVtGUb47TnCXV,5FDgprjj45qt1wBp6vk6qunYkbz1iz8TbtVZLVF1E9e6ADn1wegQyKVzXnPRDgBKdDnherCybPAgRdZoPAqcE6yr,443669934,
Fpajj9ZT8SGfcUUeLQddp2xgS2pueqTCVtGUb47TnCXV,4rHXCaBJbJj7RmPBCBvuX5Kr981sUDvxr5DpzpHgDGKh6GyvuAkeHb12zSZhp7B3GQFzT8Fn4SgyPxzJgUFNe7AF,443669932,
Fpajj9ZT8SGfcUUeLQddp2xgS2pueqTCVtGUb47TnCXV,5crpnZSVYxFMbKHpyXKCw4gm7ZtwTdqGEi1XxZFTR94Qu9K7Bf4nNUuRLzgboNHCzsjMtrmwdd7tDGDXZmYyupe7,443669903,
Fpajj9ZT8SGfcUUeLQddp2xgS2pueqTCVtGUb47TnCXV,3WGZQ9qrmdTKb3k8kUGPgQPyxmjQ1ZfTjiwDwpHsDhVwQVqbw1MU1F4nR2tEjpoM3JC79DaAfdgqWaERguVriMMw,443669900,
Fpajj9ZT8SGfcUUeLQddp2xgS2pueqTCVtGUb47TnCXV,5Wkp4z2W2T42KsaXefQ53rLwpABp8W24wWxsFS1wuSYXsgNbCXzzL4DuivzDwEruJF1ZnkefgpzbzRLN8hRP1zAX,443669897,
Fpajj9ZT8SGfcUUeLQddp2xgS2pueqTCVtGUb47TnCXV,5jPKsvo29GyqthjeHHvuseFFmNjMDN3hKyAGTPWVk2KHMvgAZBBhcWnaHj5Cur6JcCm2fa6aUQHyJbjmRdkhonU6,443669889,
Fpajj9ZT8SGfcUUeLQddp2xgS2pueqTCVtGUb47TnCXV,5zg2G2ArdaXj8i3NqsWBQVo7gRXoPxf8Vm5SAJrg5uuR9pbBVNND3wGQibGMXKAuxyWL4GyCAHBNk6K8hLhqSziK,443669884,
Fpajj9ZT8SGfcUUeLQddp2xgS2pueqTCVtGUb47TnCXV,3H7Cf9QdpQQbGBMVcEmQYyr6jf1BG433n4Pj5z8UhbyYEAF7z2Zj43FvbtKJq36sWj6HH1WYAUp4XxG6if5VBTaG,443669884,
Fpajj9ZT8SGfcUUeLQddp2xgS2pueqTCVtGUb47TnCXV,5zQuzZSvXdmrqcWt48vW7Dk1ArSDjrZkbPKqSCapaZivaXhFbEw5pkZ4FMAasmkuBsfsg3M3BtfZHX8FskmzjKr8,443669884,
Fpajj9ZT8SGfcUUeLQddp2xgS2pueqTCVtGUb47TnCXV,3VC6fcCoTuEvSsPjaT9eTzR1tEmUf53SfAKzMN12kwkVsKS7FjqoYKDYtQfuiT5vY7ciFXLVCmJ5jhzuMzs5ptHi,443669884,
Fpajj9ZT8SGfcUUeLQddp2xgS2pueqTCVtGUb47TnCXV,5ueh9uojs5PVgAPuZKzeBB3wZ3svvTVzw1JJhCVpVkJR418zqvWesrPN8tPTSSCPAgeXWvsBStBrERStwATgxhys,443669884,
Fpajj9ZT8SGfcUUeLQddp2xgS2pueqTCVtGUb47TnCXV,4mptq5Uhe3sKahUAFpd6AJMW9FSFRGw5p9PTbm7nzySVFBnd3t967zaCnFwKrnN2CcwUaKPPuMxSoRQ5mjxycaz,443669884,
Fpajj9ZT8SGfcUUeLQddp2xgS2pueqTCVtGUb47TnCXV,57fgTgQBmCfqSwZE3JCtDnoC2wMMuxvYBaUf5ENYWPnbnTGcYz6sABw2K7AK5d2pbPJnh2iarSiYcvo1zTUeXvxy,443669884,
Fpajj9ZT8SGfcUUeLQddp2xgS2pueqTCVtGUb47TnCXV,qDcBLVDVnj2L2BtHDT5jMcYtK4DcrKkspd4wypkT1Y1eTA1UQaF8vhHHJZtj1pvb7Mc6A8X2kZWhoWcLcoGoEAC,443669884,
Fpajj9ZT8SGfcUUeLQddp2xgS2pueqTCVtGUb47TnCXV,45komZSPy7e6wT7sfgxQJxiQjHkvD5zhuvrksHCZXxCyh55wj2KJaxemTDVXBf2R1zyD9qE97HU1dcvP7vNSyCN7,443669884,
Fpajj9ZT8SGfcUUeLQddp2xgS2pueqTCVtGUb47TnCXV,4NbZ64iXXGwyZ3ugQHBAyWyDh65QzYX7Gwe4fKZyWh18WiAhL2xbpQG8nzML85L7XTbX4Z3GfbhArZ68UWEh9WwL,443669884,
Fpajj9ZT8SGfcUUeLQddp2xgS2pueqTCVtGUb47TnCXV,3kGeQMunbx7YuA3gqhtHiGZS81matarySfbfRdG3JV5QZ1UgjwqXHCCH4VrkBk4ytwXR4SvrjJCGto34PHNEJhpr,443669884,
Fpajj9ZT8SGfcUUeLQddp2xgS2pueqTCVtGUb47TnCXV,kvDZGqX6qYEb31pKs3W788pYBFuczvjTgLsKP8txYK4kcjK4HZJr9Jgeq97hF49kgtME2HJzEpBYjkp1RAEaqfM,443669884,
Fpajj9ZT8SGfcUUeLQddp2xgS2pueqTCVtGUb47TnCXV,5chw4eRfZnr7DEDN7SJKDCYLQAGwRHT49BNx3Mwd4s11Ms34CTPFKNS7zxAyxsExnqRcEAzfJa3rrVLQA97QT1Ax,443669884,
Fpajj9ZT8SGfcUUeLQddp2xgS2pueqTCVtGUb47TnCXV,31GqXHjStFumzRorMaZdfD4xFQ9HpiQcmt5baJCfy4XFfW3BQMLuEdwpNfox8oCimAtJ2HZiMphzJRz8E1VEi7qU,443669884,
Fpajj9ZT8SGfcUUeLQddp2xgS2pueqTCVtGUb47TnCXV,3fvGge48xuPtojcdAvgnwN12bU38iwwYZqy51fdSS4bd3KErsQhSDDQhG4tkBdQQ3pLwoDpreTpoWzKcxqBMVe32,443669884,
Fpajj9ZT8SGfcUUeLQddp2xgS2pueqTCVtGUb47TnCXV,2RervKJRtRwjLj1tXJReTXAjuW51keR2srcJ25QQmtEpsKn7pPt6aq8mrhoFhbNpQWLRFPvhAEf8bzrn5LGo9Dcn,443669884,
Fpajj9ZT8SGfcUUeLQddp2xgS2pueqTCVtGUb47TnCXV,4E1GnBGVycybxxwfVthxqXS1SEBkB8h3t3LtCGKTa4ia3PFZaB4DXeBzE1tZqkm8QXWmzKqXPPVh7hgE71FTV3EB,443669884,
Fpajj9ZT8SGfcUUeLQddp2xgS2pueqTCVtGUb47TnCXV,5uTNdUbRiVtd8NjJ6k65Mc27YPmAMccHkBsDcEnEQsoCjGTcjZNZ4hz1NRgHfws11jgVeT3W3E9jDsR8UB95eved,443669884,
Fpajj9ZT8SGfcUUeLQddp2xgS2pueqTCVtGUb47TnCXV,24RYotRmmD55qjnf7WdahEUHrhAvSveBLZtH1vwg4Kxz7f9vMH4nfYAgKQyJYiGycdDxPrCxV2U9Z9R3pz6Btrjf,443669884,
Fpajj9ZT8SGfcUUeLQddp2xgS2pueqTCVtGUb47TnCXV,3MzLXSeTnNTwbBEKU3beHubT9Ss8MnNDcaH9owBzWyZgLeej9rQB6dbb9KZU2By1tq4hsk9d6bvyaooT6eR1uhRP,443669884,
Fpajj9ZT8SGfcUUeLQddp2xgS2pueqTCVtGUb47TnCXV,2q2qJustNMD3CxUbx4HmGPSMsc6XZNLVQokWV3Ksh7fKbpTq53wfV1AtVSDzdTXH3QdBR3aeW9itduprsLnpj6EA,443669884,
Fpajj9ZT8SGfcUUeLQddp2xgS2pueqTCVtGUb47TnCXV,38RrzMe6KbnGiXPAZDpN59zdCbamoNUTz6pARa53wgzn9Tv3RyfdJLetbsnxF6wqyd4gZUD1qBJscw7rtQG4XgY5,443669884,
Fpajj9ZT8SGfcUUeLQddp2xgS2pueqTCVtGUb47TnCXV,2KdMcLHegNpbdkwuWdrGn4XrGB7VNGSo1zKQcDad62oRbJam5pwA7CS9BSA9aqXg6Hga4GDZK1imtQr51qFjoGiQ,443669884,
Fpajj9ZT8SGfcUUeLQddp2xgS2pueqTCVtGUb47TnCXV,5RhAvDgbjEQjeu21YAy88wNu6yzgvanssro8Mup4E9gpL8i8wfjDcLeyz9jbuSvhwrep641uNZmWJPNzG4WYGfEQ,443669884,
Fpajj9ZT8SGfcUUeLQddp2xgS2pueqTCVtGUb47TnCXV,4FUb6FaStkEwypcu3eLZEpBfmgqatDGcxjjbUfKCYsthAsZBYXFpno2g6uGn8kzSVWdv4nAxZSZHztTvnYMZY787,443669884,
Fpajj9ZT8SGfcUUeLQddp2xgS2pueqTCVtGUb47TnCXV,5bQDf1X1ih7VU68sTWk9D6EPhy7FVi8viaA1LjgkepdpWvNdMeoRt3xELWKqFPg2RaYFuTXJuLnQ28PqeoeFvhzw,443669884,
Fpajj9ZT8SGfcUUeLQddp2xgS2pueqTCVtGUb47TnCXV,3v78mTU3XqKsFeMJu9iq83ULXyZNYNRsQAKpPtbC273pUP1EHoRJdu8jch5hsLAtaCY7UrvQiCk9ncWyC3LqYkYx,443669884,
Fpajj9ZT8SGfcUUeLQddp2xgS2pueqTCVtGUb47TnCXV,6178CnkZjJ3tZzDs4q13aoMfvZBWUqTmYW9dhzvy7KPZhx9ZP5aa4GCejEEz5FUPT9HTjL6SXrMCGXjPzsfZQRLA,443669884,
Fpajj9ZT8SGfcUUeLQddp2xgS2pueqTCVtGUb47TnCXV,3Ntd9tpssm9RAK9CbAALPkJbn4JeMkBdDXU7AuTwpiVimrHg4y8xJ6WoidNPN7Juc8hyqkKKGnWe7rkzwHKWXWrS,443669884,
Fpajj9ZT8SGfcUUeLQddp2xgS2pueqTCVtGUb47TnCXV,3ZDq9rvPkPfWfVAnba8wZELaMzcg98LEBB8kVQNeM55LEgiRbVyuH1AYdaSmAi52E3G7JdksQCdpcVBfveiNunJ7,443669884,
Fpajj9ZT8SGfcUUeLQddp2xgS2pueqTCVtGUb47TnCXV,oPXWoreJ9VzZeDPmkbKVWq2KnJ6XHFHnmcwmQVDUPgnqLuGDKrvZStB5pEzBF36oXXTk58QoszZce952Ssk4yP1,443669884,
Fpajj9ZT8SGfcUUeLQddp2xgS2pueqTCVtGUb47TnCXV,5S5aUqu7TJmvAu9Vf1TPg1KkhuwkwSA6rGDALnhchUoVYCjdSYj5jkE7n1uMrikYdQ5XLuGpMym3pjhzhXL2ReCj,443669884,
Fpajj9ZT8SGfcUUeLQddp2xgS2pueqTCVtGUb47TnCXV,3UifBG99xgi9hNTN9xgGNVpLJCaFN9qxeFm3XTi3vEd4vfAExsh4etso2eceL5QnabXZExtmKfXKaU9s89BNV1aS,443669884,
Fpajj9ZT8SGfcUUeLQddp2xgS2pueqTCVtGUb47TnCXV,4m6TZEbNWVv61NPR13Gh1ZwjwCiV3FZgm7osvj5NptayVG49VARp1RjutTbnyDDUSWvPTLdMxZUacjiQ2thpHixY,443669884,
Fpajj9ZT8SGfcUUeLQddp2xgS2pueqTCVtGUb47TnCXV,4QeirH6ejWECYJfGDvYeC5S6b57VegkGf7Ls4iByjDwjnSSFVjbMymU6Vtd8zYkdBdnYFT2KEu8bgrHUSbfm6tep,443669884,
Fpajj9ZT8SGfcUUeLQddp2xgS2pueqTCVtGUb47TnCXV,619KxmtTf87MPYrY96qRwWKjeqHY3h6FzMgutA9MYMevT2XkHgmghYfRT99dQrApRieQT7Lk1G2g8MTapYSpk2LL,443669884,
Fpajj9ZT8SGfcUUeLQddp2xgS2pueqTCVtGUb47TnCXV,448rvxiymqzmDv9MrLQQM1c2Bmqdx5HuTjyXm6oo4fiXPXodmFqi2gL6kzFLXeMWriG3kLN7bjCEpuEJTtpMYrJN,443669884,
Fpajj9ZT8SGfcUUeLQddp2xgS2pueqTCVtGUb47TnCXV,5CzzfTEcrPh1jA6JdTiTd7AVDH6tXmUuhQUdAnw7XqKyJZiFcDeJnmwNoX78b22XGDyJinxwaUuvbYQjwDJdt7BM,443669884,
Fpajj9ZT8SGfcUUeLQddp2xgS2pueqTCVtGUb47TnCXV,CK9DquTjHvCRsgGj5DWNL5FZGGTbwBcmJkpwJ754x6SGRqaraDdLWN8ZBZbHCBzqk19tcp5S9aDA7uc457jEinm,443669884,
61aq585V8cR2sZBeawJFt2NPqmN7zDi1sws4KLs5xHXV,H1h7QndDNTiGfC589SmMum448SCbdWXNcEoYRZQC9ee8uFJgVbUmFy9DCZrrSRJUB3YVGsDPfnXsik9Ld9zsjAv,311785384,
61aq585V8cR2sZBeawJFt2NPqmN7zDi1sws4KLs5xHXV,5NiZHPt6pPDRML5ineybq3c9gTL591yZtzqkQP1PwVbqJdLMGwjickoq7fiAbyM8Qzsb7K2fMCgJiE4nqxvgyQb1,311553368,
61aq585V8cR2sZBeawJFt2NPqmN7zDi1sws4KLs5xHXV,8RrqWD5qzHdHXeVpfAyfC7RHeUc6Xw93Z3t2PdVKGw19C7cfbFm6FqbUrT1ST2Mp8pxzZv3i9hdmcpWLY5F96oA,311321072,
61aq585V8cR2sZBeawJFt2NPqmN7zDi1sws4KLs5xHXV,2BMLiEu7kyE97qFgqn8z2wVt5jSuosE3dYeTVrkS6CHNp49oRwQcUpeo24uP9qyEsDCM7JWFc8wKC9rEExsPrpkk,311089025,
61aq585V8cR2sZBeawJFt2NPqmN7zDi1sws4KLs5xHXV,5f5dKiab3s5UzNd5jvu9n7sdCXBkVvSTL5NBG5DnfQeJbaBHjBUEMubi2HV1xWop1PM7KQqAZAJHddS3W327C7Zx,310860372,
61aq585V8cR2sZBeawJFt2NPqmN7zDi1sws4KLs5xHXV,2Ec54pz6qdYXnXWuSt8QZQw58srGm1FCbEcnq7ToeNBH9JJDAtxHQhq98ehjJ9fNQiDrvU1N7JogTgzWJesLeUKt,310630968,
61aq585V8cR2sZBeawJFt2NPqmN7zDi1sws4KLs5xHXV,57C1u7atz3PWPqaptzTsPXWBVih5p8znxgjeYysh83p8eGWk3HguX264KAFqpfhzFDQNshh7pow2LiLB6PC3D6Lk,310401409,
61aq585V8cR2sZBeawJFt2NPqmN7zDi1sws4KLs5xHXV,3Xu8KpzfL1wXEeCPGktQjBLtkMZ91pAnhBZUE2eCFoop1yZrESech112NfV6HYixrMp1a31ELVUwJ7C1xEYTp6Kp,310236152,
61aq585V8cR2sZBeawJFt2NPqmN7zDi1sws4KLs5xHXV,4r3XceGtNNc3FDfXjeZ4ijKWdG7vf6oWqY6YFqfuRn6Zkn8b5cyQcEVG7DtW4uJsNTMUnB57JVfdL8oPsgrfz9n7,309940378,
GnAT9S2EC7HttvmUpjHL3tx2DUy4KLmZWCtUpuon9pdG,5uHrxZdgFtbrSSSPgTPeJiem6yqgGJdnHMtsDT7LD7cx2M82XGDTWwWXRNt9U82Kh8pWGiPPCSUBNaGGcPpdyx9R,430648541,
GnAT9S2EC7HttvmUpjHL3tx2DUy4KLmZWCtUpuon9pdG,SJrvQnncRcVqgj2rM8Rn2iZXbM7gPJymqXBker6M7vAF8icQACyYL2yNVzvLPKBJ4bcYx3HFS39H6i2FZJkDDF1,352269622,
GnAT9S2EC7HttvmUpjHL3tx2DUy4KLmZWCtUpuon9pdG,2yXTtAnTBtj4zUK5xguPA76b1bbSf847ZexwPJhgJ9qqKhHjRhk4WFujwqNiNLo6LPnn2fGhK2QjMkLsEAzuR2oR,326911316,
GnAT9S2EC7HttvmUpjHL3tx2DUy4KLmZWCtUpuon9pdG,2GHNsHgXgmAkUkyzKGkZTKQ6CvtqYKNJBuPDMRDEbrS1qC4e24riYt4EuujhtuzApvfv9LkoHzrbR8YdAFT49bt3,326911296,
GnAT9S2EC7HttvmUpjHL3tx2DUy4KLmZWCtUpuon9pdG,55EYRikgg8MF4JuYrdAVbTuCLv3dQ6gQmgW9TnDzrYgfCJLjAd5AMeMSSApStEWphzDhHGdQG8JJMbcm8pp7pmRA,326911062,
GnAT9S2EC7HttvmUpjHL3tx2DUy4KLmZWCtUpuon9pdG,4eobJpNWyYUT6kajNC928uxHBhMi3Dn6gkGTcuSDetZiZaRcUptSXuKTXqTLQ4FtXrNwTnWfEUHH46fTkTmhRDtD,279720687,
